Denominación Social Empresa Comercializadora,Denominación de la Oferta,Importe primeras facturas en Euros,Importe siguientes facturas en Euros,Validez,Servicios Adicionales Incluidos,Penalización,Verde,URL de la Oferta

ENERGIA NUFRI SL,ENERGIA NUFRI - 3 PRECIOS,"43,43 €","43,43 €",Oferta válida solo para nuevos clientes,Ninguno,No,Sí,https://comparador.cnmc.gob.es/comparador/detalle/025FA2D8F3D84CCEE8BB05F54CE29A98BD9C2674412CB658BEE1260820DCF70C9CF2949699FFE9F1721A5CB97B015873CDFF2B5BED0EF49BB15536F0DB5B1882F6248AEAFE29313D765C68FD8944CF86F8D92032A5587F7516E9DFD26675C2CC2A7BFC3BC25AD1B8BB21C5F278DD75E9205342A76C7B61ADE9143981B38244D268D2C95B8CB85E85445CAC2911B5202DE40A51D16431A6371D3376777497879F519EB80E8AF6789EBC3C8C3A9D0DF10EA19BEB371C98000000000000000000000000000000000000000000000000000000000000001E8480
CLEARVIEW ENERGY S.L.,Tarifa Óptima Fija (1511),"43,63 €","43,63 €",Válida sólo para consumidores domésticos,Ninguno,No,Sí,https://comparador.cnmc.gob.es/comparador/detalle/025FA2D8F3D84CCEE8BB05F54CE29A98BD9C2674412CB658BEE1260820DCF70C9CF2949699FFE9F1617A5715A2E755AB4C16D592FA197DEE6BCB3437FAFC231451C1DD6859585771AD44C5CDAE95CBCC4DE5566772E8E571E82755E8D1B5F8DC54B77D2714D531ADDD1798C46DF16E597139064C2A744E0F4C1B6585C58CF73D0EE0CC2626ADB7E810456379D8188810AF45597096F4B088901B6FA1A40925C78BD1674E8AF6789EBC3C8C3A9D0DF10EA19BEB371C98000000000000000000000000000000000000000000000000000000000000001E8480
"ENERGYA VM GESTION DE ENERGÍA, S.L",Fórmula Fija Única 24HORAS,"43,71 €","43,71 €",Válida sólo para consumidores domésticos,Ninguno,No,No,https://comparador.cnmc.gob.es/comparador/detalle/025FA2D8F3D84CCEE8BB05F54CE29A98BD9C2674412CB658BEE1260820DCF70C9CF2949699FFE9F11F56C63657E407D068ACA1B0C43DD7E40ECD1E423B98A0995F9D790D22B54E09BF5B9B36430A1070D25322EB99911701124DEE79A8E7820660E6FE06E8151398E431E507B1CC025B0C18FFEC3F9AEF4FF1E4733CEBEF2C54A37CB5DCD9140ACFB5E8C25172E6C6BDE2E7D65ECAA3913BE45D3E2DA38FEE72B6209AEE8AF6789EBC3C8C3A9D0DF10EA19BEB371C98000000000000000000000000000000000000000000000000000000000000001E8480
"ENERGYA VM GESTION DE ENERGÍA, S.L",Fórmula Fija Única 3 PERIODOS,"43,88 €","43,88 €",Válida sólo para consumidores domésticos,Ninguno,No,No,https://comparador.cnmc.gob.es/comparador/detalle/025FA2D8F3D84CCEE8BB05F54CE29A98BD9C2674412CB658BEE1260820DCF70C9CF2949699FFE9F15A9C6B040C6D49639BFF37B4D8879542ADAE0692932DF55B7D29CD64797161A8A28E7CD5BDFF982BB95F40459B4B7EDFE58911D0B018D789F6DB3266E36BEA026B1E861B26A63392F6CF9452FE7C832C64507223476FFE26537747BC9DEC1A0B4E3BC574404CB88A2FBC5705D2E113676C1713C3C2C33504AEFC996E8AF6789EBC3C8C3A9D0DF10EA19BEB371C98000000000000000000000000000000000000000000000000000000000000001E8480
ENERGIA NUFRI SL,ENERGIA NUFRI - 1 PRECIO 24h,"44,10 €","44,10 €",Oferta válida solo para nuevos clientes,Ninguno,No,Sí,https://comparador.cnmc.gob.es/comparador/detalle/025FA2D8F3D84CCEE8BB05F54CE29A98BD9C2674412CB658BEE1260820DCF70C9CF2949699FFE9F171BDD709659C9B2CA9C8081A5714BFF0F82B42031942C54356BE393BA188D3763FE706D58A147BF7C89C2C81B4F1E5D931B91F9B3C4511E2C73A7F0939046FA23BDEC4F70952C3A8C90A579A4F3871F2CF67DBDAD54AD9656C6EEACF42277128CE5C2A949074810BDD53F35FFB8EEEC994918C9432D73795101A416E8AF6789EBC3C8C3A9D0DF10EA19BEB371C98000000000000000000000000000000000000000000000000000000000000001E8480
DOMESTICA GAS Y ELECTRICIDAD SLU,E-Doméstica Luz,"44,33 €","44,33 €",Válida sólo para consumidores domésticos,Ninguno,No,Sí,https://comparador.cnmc.gob.es/comparador/detalle/025FA2D8F3D84CCEE8BB05F54CE29A98BD9C2674412CB658BEE1260820DCF70C9CF2949699FFE9F11E41352617B5CFFAFC0737EC024F39E3E34F3F78F54FA6DA816A83FF0CD434B41BFB74BE457915C3419C47D8C85D4A2D62BBADD42A556F4A3722866F4C11ED556668E215632BEB9A063E3EC4E7D2201EA4DF5A485148EA0DAE511A37F96142BA53E73D93EF24E957CEC4BB0A90BB6AF34A778083DE4EFE53F193370E8AF6789EBC3C8C3A9D0DF10EA19BEB371C98000000000000000000000000000000000000000000000000000000000000001E8480
"IBERDROLA CLIENTES, S.A.U.",2.0TD Plan Online (0-10kW),"44,40 €","44,40 €",Oferta válida solo para nuevos clientes,Ninguno,No,No,https://comparador.cnmc.gob.es/comparador/detalle/025FA2D8F3D84CCEE8BB05F54CE29A98BD9C2674412CB658BEE1260820DCF70C9CF2949699FFE9ED8C3C84A2BF83F42E3753ED01658CEF54ABD29EAE83013F54CF9D8E9D0095C7B31E5CC79E490F9C37B778E0E1E2C9CD1A3C20CCDC5F51BDACAD2CB6308DB2ED16317C2E2C7A00FDFBBEE43236D58FD8C605162CCF0FCCAA6457B7924B57A8645098E721830FC0DA337F29BCAFE14559E082EFF27751784902B3FB546E8AF6789EBC3C8C3A9D0DF10EA19BEB371C98000000000000000000000000000000000000000000000000000000000000001E8480
ENDESA ENERGÍA S.A.U.,ONE Luz,"44,51 €","44,51 €",Oferta válida solo para nuevos clientes,Ninguno,No,No,https://comparador.cnmc.gob.es/comparador/detalle/025FA2D8F3D84CCEE8BB05F54CE29A98BD9C2674412CB658BEE1260820DCF70C9CF2949699FFE9F14208E83E5DAB027DFD59DA49021197E97E88F76B04B7D87525FC1ACFDED878BE2B606A35F5296622E92E8545C00AB177049603297B29D98B9975F0FA6879DC089D52435185CEDA7BC77124D738B4D579928791D040B7753348F02A78CF6D0D7BF6195A01EB227380674B40E607A85A4F2114F3664BADF24B47CD16EE8AF6789EBC3C8C3A9D0DF10EA19BEB371C98000000000000000000000000000000000000000000000000000000000000001E8480
ENDESA ENERGÍA S.A.U.,ONE 3 Periodos,"44,63 €","44,63 €",Oferta válida solo para nuevos clientes,Ninguno,No,No,https://comparador.cnmc.gob.es/comparador/detalle/025FA2D8F3D84CCEE8BB05F54CE29A98BD9C2674412CB658BEE1260820DCF70C9CF2949699FFE9F142656DEE730FBFC52190FD8A980BCC9437B2EC58C6D02BB4C5626C7F3B78D68561D5CC5DF459B9B2196B78F6B0714B12E9C6C360A55A8A74FCB76E2CF1D03E1F1C95444CF5598CBC1EBA0FE455F7C534AC33EF771EEEE0A04554090519FDFAD86C19DB966C6312A26E019F57704B11BCA9B6DD498D6E425589518D8E8AF6789EBC3C8C3A9D0DF10EA19BEB371C98000000000000000000000000000000000000000000000000000000000000001E8480
ENDESA ENERGÍA S.A.U.,Conecta Endesa,"44,94 €","44,94 €",Oferta válida solo para nuevos clientes,Ninguno,No,No,https://comparador.cnmc.gob.es/comparador/detalle/025FA2D8F3D84CCEE8BB05F54CE29A98BD9C2674412CB658BEE1260820DCF70C9CF2949699FFE9F10EB6C0927FCA0507E6C44BE7D1486136C9431B895B39AB2ABB3ACB8A7DE4743DF643F806685B0CB6275F592067217CFDE38B64901427B8168B227EF23A8F738E0627B7D9A6DFFACB5CFEC390FD93DBB154EB9F40FDF9DEBF498AB8A77309643281D179A2394A2EA0AE22DDFDFD669B8D57453757D3018C9AF0534A2E8AF6789EBC3C8C3A9D0DF10EA19BEB371C98000000000000000000000000000000000000000000000000000000000000001E8480
"NATURGY IBERIA, S.A.",Por Uso Luz,"44,96 €","44,96 €",Válida sólo para consumidores domésticos,Ninguno,No,No,https://comparador.cnmc.gob.es/comparador/detalle/025FA2D8F3D84CCEE8BB05F54CE29A98BD9C2674412CB658BEE1260820DCF70C9CF2949699FFE9F06251A77AA31557796C079AB35E143F1BC615BC86B3E68D9EB99497CAE715B80D7D8C137FEB4F5AE945CD487077F54583D7B53DC6776E15389A1C37C8549AAFA2E64EE35AD171D8E8BA20CC2177DB2C127EC11F54F0B6B4AD03750D4082FF1EEAA2E007ED63E1AC3A2C54E4AE0636D475C1946AE64FAC697EDC82420E8AF6789EBC3C8C3A9D0DF10EA19BEB371C98000000000000000000000000000000000000000000000000000000000000001E8480
"NATURGY IBERIA, S.A.",Noche Luz,"45,23 €","45,23 €",Válida sólo para consumidores domésticos,Ninguno,No,Sí,https://comparador.cnmc.gob.es/comparador/detalle/025FA2D8F3D84CCEE8BB05F54CE29A98BD9C2674412CB658BEE1260820DCF70C9CF2949699FFE9F061F521CA8DB09A3247D07771C81A0A710CEBC798F1CE3A5F1A2E461B8A755A464716B157EC1F075A159054BF878EABE7F2847D8F4D3D644F36DABA95CB444D8C670BE25F61E726A862D7E1145A983C576514C1AE127F494007112EB4386E318E2CDF8658E2A10D18259E863C9D941D0838F281030DEC19749AFDCB6E8AF6789EBC3C8C3A9D0DF10EA19BEB371C98000000000000000000000000000000000000000000000000000000000000001E8480
"IBERDROLA CLIENTES, S.A.U.",2.0TD Plan Online 3 Precios (0-10kW),"45,92 €","45,92 €","Válido para clientes domésticos, pequeños negocios y comunidades de propietarios.",Ninguno,No,No,https://comparador.cnmc.gob.es/comparador/detalle/025FA2D8F3D84CCEE8BB05F54CE29A98BD9C2674412CB658BEE1260820DCF70C9CF2949699FFE9F0183A99798169C5816BE05F2E44B812657F7C9A22466BE3AC14A52E5DBAAA9F86E18C7978919C713FA4FE23BFF5CC43AD4FAB5199AE706A541EAAF6505A6E239EFDA71A027F611B62D4BC92A10941333EEFBA20B4FE55AE66E77BD6E8CCF10BE024784401E3223DFACC4B43DD3BE9F1BF57EC1FEAA8AC5148656F43EE8AF6789EBC3C8C3A9D0DF10EA19BEB371C98000000000000000000000000000000000000000000000000000000000000001E8480
TOTALENERGIES CLIENTES S.A.U.,A TU AIRE SIEMPRE + DIGITAL,"43,90 €","46,35 €",Válida sólo para consumidores domésticos,Ninguno,No,Sí,https://comparador.cnmc.gob.es/comparador/detalle/025FA2D8F3D84CCEE8BB05F54CE29A98BD9C2674412CB658BEE1260820DCF70C9CF2949699FFE9EFDF2016CC4D3CF39911D89CB3B44B910737976F647B688267B37EC4228FB0BE934519E4C911C8DEDFDF5FBC8B96797575DB94AF8DA4633A48DC3FB11F971D99BC724C7ED3A7C717ACF5BB8088F9F13DC5175853B7D821612321D87C52C77E8CCF50284A5A1D4006FAA7BCF9DEA77CBC2503FDC5A813FAEAF3F5AE0D2E8AF6789EBC3C8C3A9D0DF10EA19BEB371C98000000000000000000000000000000000000000000000000000000000000001E8480
"REPSOL COMERCIALIZADORA DE ELECTRICIDAD Y GAS, S.L.U",REPSOL TARIFA DISCRIMINACIÓN HORARIA + ahorro hasta 300 € en saldo Waylet,"46,63 €","46,63 €",Válida para cualquier consumidor,Ninguno,No,No,https://comparador.cnmc.gob.es/comparador/detalle/025FA2D8F3D84CCEE8BB05F54CE29A98BD9C2674412CB658BEE1260820DCF70C9CF2949699FFE9F16CAE87683A1A4148AEC41A842365DE9AD7DFDD027BEE37C89F25C1A490C3B291457BA8A5956FEA232546D8D48F557F52A90E9C96ED9B651F59A5A645B64B12674634B736EFBD0424030D7CE2B58F55B767FABCBAAE42F96F9EF8BF232E3A761A5A5514757EEBCD2F7F5AC92C42A8E6CC1BB6C2269A52D7057ADBC4AE8AF6789EBC3C8C3A9D0DF10EA19BEB371C98000000000000000000000000000000000000000000000000000000000000001E8480
TOTALENERGIES CLIENTES S.A.U.,A TU AIRE PROGRAMA TU AHORRO + DIGITAL,"43,52 €","46,74 €",Válida sólo para consumidores domésticos,Ninguno,No,Sí,https://comparador.cnmc.gob.es/comparador/detalle/025FA2D8F3D84CCEE8BB05F54CE29A98BD9C2674412CB658BEE1260820DCF70C9CF2949699FFE9EFDFD9222C78066E275A46E336E03FFA5CA9EB593FFF9928E6F24B678148F17A21B204A919102985FE3FD9A3ED7746A8ADA5F62FFBF8C49C1BA2C2AB84A9CA5DE970D280CA86DC7C2DA44D56A334771D3B4AB10F05949037FD1AA0396B5CA067883C294D831FC1453EB529B6C178C22B001541996E977B8B0878B6FA6E8AF6789EBC3C8C3A9D0DF10EA19BEB371C98000000000000000000000000000000000000000000000000000000000000001E8480
ENDESA ENERGÍA S.A.U.,Libre de Endesa 20%,"46,11 €","46,86 €",Oferta válida solo para nuevos clientes,Ninguno,No,No,https://comparador.cnmc.gob.es/comparador/detalle/025FA2D8F3D84CCEE8BB05F54CE29A98BD9C2674412CB658BEE1260820DCF70C9CF2949699FFE9F142C1F39E88747D0C45C820CC2E06013EF0DCE14688E87EF464C8BE2E9819344C984B2E85F38A0D4149A86CA7A0D7E4AECEF78397CF8B3B5E5FF8EB5F7B26A0359BD8454864E43EFC7602FAF1733AB4EFC5E04D1DFD264C0D41B7E791648EE834E21A5D2AEDA3B1C474B7FDC8D8EDC92A3258C72CCF2E925FCAD6042E8AF6789EBC3C8C3A9D0DF10EA19BEB371C98000000000000000000000000000000000000000000000000000000000000001E8480
IMAGINA ENERGIA,IMAGINA SOLAR CON INSTALACION,"48,26 €","48,26 €",Válida para nuevos clientes que cumplen ciertos requisitos (ver detalle de la oferta),Ninguno,No,Sí,https://comparador.cnmc.gob.es/comparador/detalle/025FA2D8F3D84CCEE8BB05F54CE29A98BD9C2674412CB658BEE1260820DCF70C9CF2949699FFE9F15C0E81C462003E802CDBC4BB307067ED9255DA499B8F4259FAC31421EBF2D8C57C640575BAC0E6687A530F095CE5E54F7A4C12AD58DB9B2F83E1273108C5725C682A8A08E4D0FC9453F3408773884218CB01E8BEC04DABDA4506C1EDC82FCF7D263DCBC6454F35124A95D0CB756BF11D8E9EBB50C9C4752DB50E73EE8AF6789EBC3C8C3A9D0DF10EA19BEB371C98000000000000000000000000000000000000000000000000000000000000001E8480
"ENI PLENITUDE IBERIA, S.L.",Tarifa Fácil Luz Hogar,"48,57 €","48,57 €",Válida sólo para consumidores domésticos,Ninguno,No,Sí,https://comparador.cnmc.gob.es/comparador/detalle/025FA2D8F3D84CCEE8BB05F54CE29A98BD9C2674412CB658BEE1260820DCF70C9CF2949699FFE9EF4BAB062A34AF4A3759F86C2CAD87A0F01CB9147724A3D501A86C94A6F01B49147A05750A5CC3B2AAFE3B5A8C72F4A50095E257A266C94652ABE02894B57145E19F82EE19E2BB0121D984E3A257432B942CA311C5AFCE2B70E2ADCCBBF08441733F59C5AC1E4268BFF516751FE428659341F10377497B5A9B8A90FE2E8AF6789EBC3C8C3A9D0DF10EA19BEB371C98000000000000000000000000000000000000000000000000000000000000001E8480
"REPSOL COMERCIALIZADORA DE ELECTRICIDAD Y GAS, S.L.U",REPSOL TARIFA PLAN AHORRO PLUS,"48,76 €","48,76 €",Válida sólo para consumidores no domésticos,Ninguno,No,No,https://comparador.cnmc.gob.es/comparador/detalle/025FA2D8F3D84CCEE8BB05F54CE29A98BD9C2674412CB658BEE1260820DCF70C9CF2949699FFE9ED3FFA54811D7BF28B5DE1DDF2C853869E0E3DBEB788F4A1E46E483B13A8687C813B9CE0A6F43ABD32F53C060BBE39319C54F25F64992FED4FDE3285895B80148B4D425EEF8AB012F3CDCA7667B764418FDC04FC45E81F1F90516724A9E234C11B567C541C877DB127F6D9E536A3282A98E57C2C281FF6508EB3CD8E8E8AF6789EBC3C8C3A9D0DF10EA19BEB371C98000000000000000000000000000000000000000000000000000000000000001E8480
"REPSOL COMERCIALIZADORA DE ELECTRICIDAD Y GAS, S.L.U",REPSOL TARIFA AHORRO PLUS + ahorro hasta 300 € en saldo Waylet,"48,76 €","48,76 €",Válida para cualquier consumidor,Ninguno,No,No,https://comparador.cnmc.gob.es/comparador/detalle/025FA2D8F3D84CCEE8BB05F54CE29A98BD9C2674412CB658BEE1260820DCF70C9CF2949699FFE9ED36F1464F06A57698D47F6C8B22E461F1F924D37F949480ADDD4A40F39CBF540CEA264ABF088294373F4839C444343162F32F9A017A6EA6852CCD4B99F2108058DFB74661A624AAAB47AB821FDBDAD84A5A2FD6FA34B5A1EBABA668F69A0D9313D06FAC9BE82E26D54F0AAC236B4440E68DAC54F6B42E7F8E4DDDF8EE8AF6789EBC3C8C3A9D0DF10EA19BEB371C98000000000000000000000000000000000000000000000000000000000000001E8480
IMAGINA ENERGIA,PLAN NOCHE Y FINDES + PRECIO SIN SUBIDAS 3 AÑOS,"49,65 €","49,65 €",Válida sólo para consumidores domésticos,Ninguno,No,Sí,https://comparador.cnmc.gob.es/comparador/detalle/025FA2D8F3D84CCEE8BB05F54CE29A98BD9C2674412CB658BEE1260820DCF70C9CF2949699FFE9EFBF522244F29BE3249EE47E2826497657912B3DA9C30BE488E852AFDAB89082188CC02709592C25A74A6BF7B8F334A7DF12D29C9723A66A0EBDBCA7C0616BE200B34428655019D18EF4AAB406EAEED5744418225B751473AC5F83FC1925ACF506BFFBBF4DAF095348590C82E2AF8DAE7E0C555F8979DF676D7025462E8AF6789EBC3C8C3A9D0DF10EA19BEB371C98000000000000000000000000000000000000000000000000000000000000001E8480
"COMPAÑIA LUMISA ENERGIAS, SL",2.0TD,"49,71 €","49,71 €",Válida para cualquier consumidor,Ninguno,No,No,https://comparador.cnmc.gob.es/comparador/detalle/025FA2D8F3D84CCEE8BB05F54CE29A98BD9C2674412CB658BEE1260820DCF70C9CF2949699FFE9EF8CB905F93F84603CD0BD364A2174A8FA4E394BA39DBE5DBDBC5E03F410DD3926C48E7929CABE7358E916B2F57B18A69DBC297E6C1105AA6C75EC301D462E3DB31A9F9EE45040565F38CA28DAEA53BB2239D4EB19EEC5B41258E647605E6B267637B4E216FFB24CACAD50DCDD76915E9753C9774184B3A1D19BB466AE8AF6789EBC3C8C3A9D0DF10EA19BEB371C98000000000000000000000000000000000000000000000000000000000000001E8480
"IBERDROLA CLIENTES, S.A.U.",2.0TD Plan Estable 100 (0-10kW),"50,06 €","50,06 €",Oferta válida solo para nuevos clientes,Ninguno,No,Sí,https://comparador.cnmc.gob.es/comparador/detalle/025FA2D8F3D84CCEE8BB05F54CE29A98BD9C2674412CB658BEE1260820DCF70C9CF2949699FFE9F164BB0A466371FD2B920712E13FE557EEEE44D093CDD71050EC5ABC929AFBA37297653935A748BBD50009E79FE6844BECF6DE17D94D6C3110D204E3EDE8DEA4785672A19B59D1B29C82C949C231CEBBA3332AB063957FBE11EE639F14C5C610283649F1B2635E2042EBAEAB6D44AD23625DCCA89EF3CBF623D97992EE8AF6789EBC3C8C3A9D0DF10EA19BEB371C98000000000000000000000000000000000000000000000000000000000000001E8480
"WATIUM, S.L.",2.0 TD,"50,86 €","50,86 €",Válida para cualquier consumidor,Ninguno,No,No,https://comparador.cnmc.gob.es/comparador/detalle/025FA2D8F3D84CCEE8BB05F54CE29A98BD9C2674412CB658BEE1260820DCF70C9CF2949699FFE9EF5A7C6F5DA1D19A9C26CD11ADB29A1047C4714E8B3A892A322FCFA9BCC5CA4DFC32D22D723B811499B7FE61E2F3633EF84AB1207828959BB3915D35ACB446FB7C013E165EBFF18D6FD43288BC06FB908B493E117F46AE5FE54EAC7133E1BA4542256E8674D19BE533084B9549A637C61E23DF78DCD1482C4008C7FDCE8AF6789EBC3C8C3A9D0DF10EA19BEB371C98000000000000000000000000000000000000000000000000000000000000001E8480
NEXUS ENERGIA SA,Luz Estable,"50,91 €","50,91 €",Válida para cualquier consumidor,Ninguno,No,Sí,https://comparador.cnmc.gob.es/comparador/detalle/025FA2D8F3D84CCEE8BB05F54CE29A98BD9C2674412CB658BEE1260820DCF70C9CF2949699FFE9EFE544F77DB8ED85527981F40EA9E9105D8360B32E5F0609A1494A30C7B656F8CDE2E5697103FE6B62136BEB4B8D49A8D013D17337719EF9C87399017AB5DA1D3AE5BF8F860FFCEDF2C1931C67EB632931CBCA8BCC99CF835FE47A43A3BB1E4FF32630E536B28A983D19D93F669A4AEA6B16BE4DBF71C03BA24F79EDCE8AF6789EBC3C8C3A9D0DF10EA19BEB371C98000000000000000000000000000000000000000000000000000000000000001E8480
"HIDROELECTRICA DE SILLEDA COMERCIALIZADORA, S.L",Eficiente 20TD,"51,06 €","51,06 €",Válida para cualquier consumidor,Ninguno,No,No,https://comparador.cnmc.gob.es/comparador/detalle/025FA2D8F3D84CCEE8BB05F54CE29A98BD9C2674412CB658BEE1260820DCF70C9CF2949699FFE9F1009E62BF3D712F31625DECE9F82A5B3493DECB50C984FC7972A459D361762AE4AA6203EE87FE51E5CE16392BC780163DF91E1C28A6BCC4886C286C3F4E668220A2F2918BA8BED2FE10E2F491886156306BA95AD523888124D653D14816F53B1C87BDBC028871F071A85A7AB70C9CA9DD869A95B8CEB55B0AF52537CE8AF6789EBC3C8C3A9D0DF10EA19BEB371C98000000000000000000000000000000000000000000000000000000000000001E8480
IMAGINA ENERGIA,PLAN SIN HORAS 3 AÑOS,"51,20 €","51,20 €",Válida sólo para consumidores domésticos,Ninguno,No,Sí,https://comparador.cnmc.gob.es/comparador/detalle/025FA2D8F3D84CCEE8BB05F54CE29A98BD9C2674412CB658BEE1260820DCF70C9CF2949699FFE9EFB75EA5231BF39F078227768542C8EFABA790313B14F4BD113587AAC8C2C872F9DEA9B7996B04F759252F06844A63747960A217D983773600361BE56893FF7411C38212C9BA2E8007746680E6672E3B600F4816045C51384EAEEEDC0ABD388F149BF09C8A937BA65BC5606523B191EB144E6B4601D358868BCEC3146E8AF6789EBC3C8C3A9D0DF10EA19BEB371C98000000000000000000000000000000000000000000000000000000000000001E8480
TOTALENERGIES CLIENTES S.A.U.,A TU AIRE SIEMPRE,"48,70 €","51,50 €",Válida sólo para consumidores domésticos,Ninguno,No,Sí,https://comparador.cnmc.gob.es/comparador/detalle/025FA2D8F3D84CCEE8BB05F54CE29A98BD9C2674412CB658BEE1260820DCF70C9CF2949699FFE9F152A8EDE235C505467F423011F5070E96C412FA23E516CDE3CA5EC85283A95289F4780D65CFD869DD94224F10F27A4B7A33588D130FE9A37B6F3A700F15FF7C137B5C707F90BAE20B768B61327ABBE9182F8065CC2EACC2C8A2E227AE3577B4192A30A2B124BF0B9D9C103946D4E54FFDAE2CFA3C1C3C54230D9A67AE8AF6789EBC3C8C3A9D0DF10EA19BEB371C98000000000000000000000000000000000000000000000000000000000000001E8480
"HIDROELECTRICA DE SILLEDA COMERCIALIZADORA, S.L",Eficiente 20TD 24 H,"51,61 €","51,61 €",Válida para cualquier consumidor,Ninguno,No,No,https://comparador.cnmc.gob.es/comparador/detalle/025FA2D8F3D84CCEE8BB05F54CE29A98BD9C2674412CB658BEE1260820DCF70C9CF2949699FFE9F10BD29311D4A41ACEC50B31DB2176BBE0FFF3741B4A77112DC0083E0F98E186044298E6C66ED8703CA577BB98E3ECB01EBA0562D6C2A230CB7116955DEFDC62DA0C0FAFFE2A8A68C8A2B76B28137C5DD88788B20A0C3E8357666BC4451E81F94ED1CD6CFE2F453590786FEA72B850E0211235E83DC4FF0C48E42F952E8AF6789EBC3C8C3A9D0DF10EA19BEB371C98000000000000000000000000000000000000000000000000000000000000001E8480
"ESTABANELL IMPULSA, S.A.U.",PLAN VEHICULO ELECTRICO,"51,79 €","51,79 €",Oferta válida solo para nuevos clientes,Ninguno,No,Sí,https://comparador.cnmc.gob.es/comparador/detalle/025FA2D8F3D84CCEE8BB05F54CE29A98BD9C2674412CB658BEE1260820DCF70C9CF2949699FFE9F160C14BB5781DDB1D03A88F0FCE251498F9774A5C76CB7C9512F53A09A0179BE3405A017DB03524ADED6B6F05921BB23A1DC5D57A7D5497098E3482C202286D80DE9196CD8EDC09D8C2A73031EFEE6E9918C2AA38091E206316190F0D918BDD2F24446050D59749CCA1D89C8DC5AF41AD7ED79BDB208885B308C87A0E8AF6789EBC3C8C3A9D0DF10EA19BEB371C98000000000000000000000000000000000000000000000000000000000000001E8480
TOTALENERGIES CLIENTES S.A.U.,A TU AIRE PROGRAMA TU AHORRO,"48,26 €","51,94 €",Válida sólo para consumidores domésticos,Ninguno,No,Sí,https://comparador.cnmc.gob.es/comparador/detalle/025FA2D8F3D84CCEE8BB05F54CE29A98BD9C2674412CB658BEE1260820DCF70C9CF2949699FFE9F1530573924B29C28DA37953538B0143417D3CEF11A72F212369C51A01E049B0512AED6F8DCF08BD6CC45F42C1E2E0E51618894D4A3A1A5464D27BED419F55DE29FA9F717B0045944BCDD44C3F97FED8D3492CC3730CE42E359F46063A8008A175A0312445A5FFAABFA2C697B83D88076B36CEE41F5DFCA42D4F1EDE4E8AF6789EBC3C8C3A9D0DF10EA19BEB371C98000000000000000000000000000000000000000000000000000000000000001E8480
DISA ENERGIA ELECTRICA S.L.,ALISIOS TRANQUILIDAD,"48,04 €","52,37 €",Válida sólo para consumidores domésticos,Ninguno,No,Sí,https://comparador.cnmc.gob.es/comparador/detalle/025FA2D8F3D84CCEE8BB05F54CE29A98BD9C2674412CB658BEE1260820DCF70C9CF2949699FFE9F0F8AAE59D66C8EB1445A0E54714A9D488AA43BEE21B6DD501BFD954C16BAE1BC5FC4B947E99D72397A8D947F71EAEE2D846ED976B068D9079E487A9E780FA1431B3307BF012D38176909EC17104A0BC1C36D94E7E0AC545C725BEB139AE80D52A63B2993F6CE4438514AE5CF80EA0E673C8B07C31282E7A2953C3060E8AF6789EBC3C8C3A9D0DF10EA19BEB371C98000000000000000000000000000000000000000000000000000000000000001E8480
CIDE HCENERGÍA S.A.U,Plan Ilumina,"52,65 €","52,65 €",Válida para cualquier consumidor,Ninguno,No,No,https://comparador.cnmc.gob.es/comparador/detalle/025FA2D8F3D84CCEE8BB05F54CE29A98BD9C2674412CB658BEE1260820DCF70C9CF2949699FFE9F1499FDFB01EEE8953F5DFBEAA4F97E9EAAEFA0EEBF0B6ACAD3960CE3278002A15A301777DE42040E1DE2E82C978754B40D195C7AFF1285CB0BDD5361FAC8FE7E10DD157F1AC2F79C2F06C6CEA9F327FD2ADAB40807B434523FD216BFAED508611A423FB30856F814AF44100339D01664B565D230AB0748322A7AAD20E8AF6789EBC3C8C3A9D0DF10EA19BEB371C98000000000000000000000000000000000000000000000000000000000000001E8480
EDP CLIENTES SAU,Movilidad eficiente HOGARES,"52,72 €","52,72 €",Válida para nuevos clientes que cumplen ciertos requisitos (ver detalle de la oferta),Ninguno,No,No,https://comparador.cnmc.gob.es/comparador/detalle/025FA2D8F3D84CCEE8BB05F54CE29A98BD9C2674412CB658BEE1260820DCF70C9CF2949699FFE9F14D999E410A42AB62843E427BC1582D40A3C7952347C2406912C650BB72E431A4FA0CAF35DB33D808F0CCFB63CCDDE4F3AAAE0A0EC13FF6B801A5974B93461ED885B262BF77252286B08E867AE112CCDCC81346AC07A4E2D2D56BFC02218AB90AB6298C92133657C13E170F131BFF480035522FCE83B7F393785BEAEE8AF6789EBC3C8C3A9D0DF10EA19BEB371C98000000000000000000000000000000000000000000000000000000000000001E8480
NEXUS ENERGIA SA,Luz Eficiente,"52,74 €","52,74 €",Válida para cualquier consumidor,Ninguno,No,Sí,https://comparador.cnmc.gob.es/comparador/detalle/025FA2D8F3D84CCEE8BB05F54CE29A98BD9C2674412CB658BEE1260820DCF70C9CF2949699FFE9EFE5A17D2DCE5242999DB917503FE345083C8AA81C211E5CE0E8B0827712F75695195ACB99032EBEF143A8DEFC7DB0426BF902336E9BCFAAB1D6DA7EAD3F307F51650290817F87A03318DC077508A618ECE576E9737806EECCE0DE223005AF3D4F9C3166CB33CB375F208F9DD802EDA1D89F6037A2B3808BAC90FE646E8AF6789EBC3C8C3A9D0DF10EA19BEB371C98000000000000000000000000000000000000000000000000000000000000001E8480
"ESTABANELL IMPULSA, S.A.U.",Plan Tramo Ahorro,"52,87 €","52,87 €",Oferta válida solo para nuevos clientes,Ninguno,No,Sí,https://comparador.cnmc.gob.es/comparador/detalle/025FA2D8F3D84CCEE8BB05F54CE29A98BD9C2674412CB658BEE1260820DCF70C9CF2949699FFE9F08F7EEE751545C3361AF3D1B9993FF6782F92549E79C733AF8E8A7A6B2163825314DD010785E827D3D39045D5DA0E46A2C08318B61134772E1116597563C8949F0A065E20482AE25358BB9188C18A3A6E07EAD9CF71C628E44038B7C0EBC30510411F4D70806F5FD77361020E1DAA64F178A39EDD6A937E80DA302E2E8AF6789EBC3C8C3A9D0DF10EA19BEB371C98000000000000000000000000000000000000000000000000000000000000001E8480
GEO ALTERNATIVA S.L.,Flexi UNO,"52,88 €","52,88 €",Válida para cualquier consumidor,Ninguno,No,Sí,https://comparador.cnmc.gob.es/comparador/detalle/025FA2D8F3D84CCEE8BB05F54CE29A98BD9C2674412CB658BEE1260820DCF70C9CF2949699FFE9ECF2460D9F25E0FBCBF39341DDD3314B3C8C010B098686B7758F59A0CCDDB9BA327F07710FA2A48FF1720B5C71D80E2FAED900F1102A4B594D8232601803F3B3A66BFC8BC4DD345EEA7F8D0E64242CEB6D4C4255214793E70859873CD7427D68743C0F8063FA380B9453B093F7C2801D9B2580BE4BE77317F1AD8DEE2E8AF6789EBC3C8C3A9D0DF10EA19BEB371C98000000000000000000000000000000000000000000000000000000000000001E8480
"REPSOL COMERCIALIZADORA DE ELECTRICIDAD Y GAS, S.L.U",REPSOL TARIFA VEHÍCULO ELÉCTRICO + ahorro hasta 300 € en saldo Waylet,"53,40 €","53,40 €",Válida para cualquier consumidor,Ninguno,No,No,https://comparador.cnmc.gob.es/comparador/detalle/025FA2D8F3D84CCEE8BB05F54CE29A98BD9C2674412CB658BEE1260820DCF70C9CF2949699FFE9F174A2048A10C28565CB81222706E66546C17AE9712A055F4051F0C6B6868BC1AFF3921815839718714A83CA093826B2B85B3F21548DCA992DE146689D83B7805635F6CCD285A855AB8351B003394FEFCB9CCAC911C70634CD4F8DDF3196AEDC0C7E6037389A797A1C1306E6EB40A4AA35D9A0DBAE40D9B7E71C3DF66E8AF6789EBC3C8C3A9D0DF10EA19BEB371C98000000000000000000000000000000000000000000000000000000000000001E8480
"GESTERNOVA, S.A",Tarifa luz Única,"54,76 €","54,76 €",Válida para cualquier consumidor,Ninguno,No,Sí,https://comparador.cnmc.gob.es/comparador/detalle/025FA2D8F3D84CCEE8BB05F54CE29A98BD9C2674412CB658BEE1260820DCF70C9CF2949699FFE9F0A01EF418ED5FC5FE9CDC27828C356D25751C57575A26291E32ED27EDC6345C1EDDF4A43760972B8E7E840FA10C7DE0A5EF45A29FA5F4411DE6DAD88A114E34A9E8108B4E5316E9E307D5CDE403914E0CA4E3ADCB5FBB76799A2AB4F651CDABAD7536961FBA0BF7F4A825FA6EEAE75AA005BBA5B33B21E0589FFD7EEE8AF6789EBC3C8C3A9D0DF10EA19BEB371C98000000000000000000000000000000000000000000000000000000000000001E8480
"GESTERNOVA, S.A",Tarifa luz Única EKOenergía,"54,81 €","54,81 €",Válida para cualquier consumidor,Ninguno,No,Sí,https://comparador.cnmc.gob.es/comparador/detalle/025FA2D8F3D84CCEE8BB05F54CE29A98BD9C2674412CB658BEE1260820DCF70C9CF2949699FFE9F148E6D44FF4250EC5AD71782723A380953CA625106C86062DFA942AD3BEBF6E873616B32DE5BF99C37DB49B6797A81809073447419CC6FADDF7523BBA99E323B40F4B55FACD1A154241DA96D064ACA05C7A528532BED46E4A0459AEE2582EAB58B822F80782EE4306E6D44350CBBBF77045194F442CF3E30E24A1E4CE8AF6789EBC3C8C3A9D0DF10EA19BEB371C98000000000000000000000000000000000000000000000000000000000000001E8480
TELECOR S.A. UNIPERSONAL,Despreocúpate +,"49,74 €","54,95 €",Válida sólo para consumidores domésticos,Ninguno,No,Sí,https://comparador.cnmc.gob.es/comparador/detalle/025FA2D8F3D84CCEE8BB05F54CE29A98BD9C2674412CB658BEE1260820DCF70C9CF2949699FFE9F0A30321999885B037BE95418F3C07127B3E6BFEC56AE8C31B2E1FB568AB374A58919FB5775A19C808006BAD288FB2AD8518CBA458F779C86900E6C21E5C01455DE2289329CF6C7BE5C21D264CEDA8CBE572469B025176D1E17D49A958A6551691253AA2C3C410F104DDD8EDFA2FFD160C4ACAF4CD492460AAAC2133EE8AF6789EBC3C8C3A9D0DF10EA19BEB371C98000000000000000000000000000000000000000000000000000000000000001E8480
TELECOR S.A. UNIPERSONAL,Despreocúpate,"53,21 €","54,95 €",Válida sólo para consumidores domésticos,Ninguno,No,Sí,https://comparador.cnmc.gob.es/comparador/detalle/025FA2D8F3D84CCEE8BB05F54CE29A98BD9C2674412CB658BEE1260820DCF70C9CF2949699FFE9F0A3BC2CF9C34F2AC60703881267FB7BD0B0BFE8A0EF19699A6CEC58C7647805E6FE8A79C7587A6F2660E5948A707FE0BCE32D24C74BDB2A3BC769BC836EAE098AE0AE9520AE81E06670AEFC67282EAB5BA59F56500DE5A8BB761166713B76F14A113BA5ECC6922F48EB45AADD014284E75C0EC893CCA500BF2F2A212E8AF6789EBC3C8C3A9D0DF10EA19BEB371C98000000000000000000000000000000000000000000000000000000000000001E8480
"GESTERNOVA, S.A",Tarifa luz Horas,"54,97 €","54,97 €",Válida para consumidores domésticos y pequeños negocios,Ninguno,No,Sí,https://comparador.cnmc.gob.es/comparador/detalle/025FA2D8F3D84CCEE8BB05F54CE29A98BD9C2674412CB658BEE1260820DCF70C9CF2949699FFE9EF3B0B00865C95476ED8101663BA922A42D72F11BE4444DF930409E7244B4A6F48B0EDD1DA8214AEF0534790C140850AFD671FCDB8D2097C62D61BA98007EBA5D6C178C0EBD7CEF9922A6AA747153C17F58FAA3DC9C1D8DDDB88BBCF868A799AD60B427CFCE4A5D0A2C0517CBF16EB6FE4B4D8FCA178ECF8C3C4C3AD6E8AF6789EBC3C8C3A9D0DF10EA19BEB371C98000000000000000000000000000000000000000000000000000000000000001E8480
"GESTERNOVA, S.A",Tarifa luz Horas EKOenergía,"55,01 €","55,01 €",Válida para cualquier consumidor,Ninguno,No,Sí,https://comparador.cnmc.gob.es/comparador/detalle/025FA2D8F3D84CCEE8BB05F54CE29A98BD9C2674412CB658BEE1260820DCF70C9CF2949699FFE9F06EF7EE8D8FDB38335F916CAADF49727316D239083D39EF518491C2C491028A49EF987EF7CEEAC77CDE2299A155FC45D42D5F85513C1645212C1055B11B6A18B64C7805BB116837B4A918EEEC7801F2A70151ED25524A6493851C7A6EB4CF928EC4F1BF3B0FB76DE11743CE2F5475E86F6FB764F84CF75AE5D19E79EE8AF6789EBC3C8C3A9D0DF10EA19BEB371C98000000000000000000000000000000000000000000000000000000000000001E8480
DISA ENERGIA ELECTRICA S.L.,ALISIOS OPTIMIZA,"50,70 €","55,04 €",Válida sólo para consumidores domésticos,Ninguno,No,Sí,https://comparador.cnmc.gob.es/comparador/detalle/025FA2D8F3D84CCEE8BB05F54CE29A98BD9C2674412CB658BEE1260820DCF70C9CF2949699FFE9F0F9076B4D7C2DA85B69D80888AAA40933636DB3CFDD8628415F3FA670C84E798D32C0F6A699077726D9163BA80F157C742C1E57A230BE416347C9271A0A50764832737CEB825E33B6E7E7AC7E21E3ABD75085AC24E8FCB13422228FC5F911C286D9B31AD3EE24E2A71B64BB6977439DE15152661469EECA3395477CAE8AF6789EBC3C8C3A9D0DF10EA19BEB371C98000000000000000000000000000000000000000000000000000000000000001E8480
"GESTERNOVA, S.A",Tarifa luz Fácil,"55,14 €","55,14 €",Válida para consumidores domésticos y pequeños negocios,Ninguno,No,Sí,https://comparador.cnmc.gob.es/comparador/detalle/025FA2D8F3D84CCEE8BB05F54CE29A98BD9C2674412CB658BEE1260820DCF70C9CF2949699FFE9EF3AAE7AD647308A27B3D8F3222497F5981E051CD0822C8C5364A39574EEAA11817A786FB282E45B61230A9D10501E716181EF0D81A7D8CB7972DA2C4D7E9543C04235BFF068444751D321BC39F7F9283A75FDE022E3A1726E8C57F0FA3FE8AD799541FB6863653180B99B1E4DAE48B8772C3712BE372CA8B9833F36CE8AF6789EBC3C8C3A9D0DF10EA19BEB371C98000000000000000000000000000000000000000000000000000000000000001E8480
"GESTERNOVA, S.A",Tarifa luz Fácil EKOenergía,"55,19 €","55,19 €",Válida para cualquier consumidor,Ninguno,No,Sí,https://comparador.cnmc.gob.es/comparador/detalle/025FA2D8F3D84CCEE8BB05F54CE29A98BD9C2674412CB658BEE1260820DCF70C9CF2949699FFE9F06F54743DA53FF57A83C88FEC7543A71DCFFC2DF5FF52429123F81473EDA2E811260DE11FCE1B1B0C0E5F8D524662DF70129045886646F60A8F51D2E3A4C07ACCCBBB06B680F2E9F50061D9F99544E2621AFE4ACC3081D000818058FAFF607FEB3AF240CF90F80D031DFA2CA0BD189FDCF8594EDB8EB7AAF01322F08E8AF6789EBC3C8C3A9D0DF10EA19BEB371C98000000000000000000000000000000000000000000000000000000000000001E8480
TELECOR S.A. UNIPERSONAL,Benefíciate +,"50,00 €","55,21 €",Válida sólo para consumidores domésticos,Ninguno,No,Sí,https://comparador.cnmc.gob.es/comparador/detalle/025FA2D8F3D84CCEE8BB05F54CE29A98BD9C2674412CB658BEE1260820DCF70C9CF2949699FFE9F0A2A69BE98320F2F09A5E1E4DA60CDDD0854209D7A8D06FDB8EB963B94E96EC915B2A534F5AE97478D02EB9779F4C13E9339AE421CD49177F9DA544EBD2AAE34762E5922E5FE1C9A56AD43B3FD065DC2A589A3D5B733F667480E5CACC5BC42934AF3A212F42D051E2D7228F88C75A5E9EC2290AEA076410A06A9CBD4E8AF6789EBC3C8C3A9D0DF10EA19BEB371C98000000000000000000000000000000000000000000000000000000000000001E8480
TELECOR S.A. UNIPERSONAL,Benefíciate,"53,48 €","55,21 €",Válida sólo para consumidores domésticos,Ninguno,No,Sí,https://comparador.cnmc.gob.es/comparador/detalle/025FA2D8F3D84CCEE8BB05F54CE29A98BD9C2674412CB658BEE1260820DCF70C9CF2949699FFE9F0A35FA749ADEA6D7EE2CC64D0D2014725F795F3B32D01165ACD86071807D7A81FC815179F594A1B9730A8A0D980194720FDFC649021AA795264283F50E557A774616B94253EF72E261966115A0AEBBBA08BF2F8A92FAE3D4E79AD87E4F0E603ED9B3B245845519026E48F4C6B989FCD79D36CDEB08AE4B0B4EDA5AA8E8AF6789EBC3C8C3A9D0DF10EA19BEB371C98000000000000000000000000000000000000000000000000000000000000001E8480
EDP CLIENTES SAU,Tranquilidad HOGARES,"55,41 €","55,41 €",Válida para nuevos clientes que cumplen ciertos requisitos (ver detalle de la oferta),Ninguno,No,No,https://comparador.cnmc.gob.es/comparador/detalle/025FA2D8F3D84CCEE8BB05F54CE29A98BD9C2674412CB658BEE1260820DCF70C9CF2949699FFE9F14D3D1890F4DDEE1B60071F3A2B5DF895EA9DA03585A9ED29735FFF0C1643D3DDC3974D0DDC038479C09007B2DC774B57C57D49D7970F45CE9E641A1909EFBCC2066F61C4079A704659459B6DC3CFDD21AE66E905296D7765D9081D75D6F9CBAE40290AFD91F5B89F3760B0A1B35C9092ACB045EB41F7A38936D7744E8AF6789EBC3C8C3A9D0DF10EA19BEB371C98000000000000000000000000000000000000000000000000000000000000001E8480
"FACTOR ENERGÍA, S.A.",TF2.0TD,"55,80 €","55,80 €",Válida sólo para consumidores domésticos,Ninguno,No,No,https://comparador.cnmc.gob.es/comparador/detalle/025FA2D8F3D84CCEE8BB05F54CE29A98BD9C2674412CB658BEE1260820DCF70C9CF2949699FFE9EF4076D5D79D7C5E99F74B273B843B4043B0A46BACA3B1C04D5B08B06AB8AFEDF4E1CE923275E9945426D9D81F56880B1FD4FB10F44AE3DA0FA6F1FF7613FB65283665CFA760EF6B5747B06D0BCC2823EC10C3BA90C718293E5295D9BEE8F78340F54A14B0776F23A12501056438742F4FB655B0F25331A95D9B86A0CE8AF6789EBC3C8C3A9D0DF10EA19BEB371C98000000000000000000000000000000000000000000000000000000000000001E8480
MÁSMÓVIL Energía,MASMOVIL ENERGIA Tarifa precio fijo,"55,89 €","55,89 €",Oferta válida solo para nuevos clientes,Ninguno,No,Sí,https://comparador.cnmc.gob.es/comparador/detalle/025FA2D8F3D84CCEE8BB05F54CE29A98BD9C2674412CB658BEE1260820DCF70C9CF2949699FFE9F12B4401E919E06DFC13C82D25197EA1E5ED35B0E840BB5BCCEBCE00A8136164B7C47D425E2844D5E60A2E8CBA96CAE4199D96B596192E501C2C58218A9C37B87F4BD5057112ACFCA64C7F4C9D053BD66E411C85BF911405612C5C65F275C2A3BAEBF976761C3B4A20C06A02FD479D365A813C64791D5A3FC52833E58E8AF6789EBC3C8C3A9D0DF10EA19BEB371C98000000000000000000000000000000000000000000000000000000000000001E8480
ENERGYGO,ENERGYGO Tarifa precio fijo,"55,89 €","55,89 €",Oferta válida solo para nuevos clientes,Ninguno,No,Sí,https://comparador.cnmc.gob.es/comparador/detalle/025FA2D8F3D84CCEE8BB05F54CE29A98BD9C2674412CB658BEE1260820DCF70C9CF2949699FFE9F10A03F6A169AC686B0FF781933393B48B6221AB767FFD70EFA308A5A2C9BFB120324DFBFE72E6CE70B446F92431EBB0134011A1C2EFAEBC3C80CF2361412C78698FC0AB14FCD4ED86EE4AD3E6812DAF31072ADDC7B5296A3678786B87A9AD568083CAE517A90219E656E0123BAD234AFD670C56CD7C3D7C159C99440E8AF6789EBC3C8C3A9D0DF10EA19BEB371C98000000000000000000000000000000000000000000000000000000000000001E8480
"ESTABANELL IMPULSA, S.A.U.",Plan Estable,"55,91 €","55,91 €",Oferta válida solo para nuevos clientes,Ninguno,No,Sí,https://comparador.cnmc.gob.es/comparador/detalle/025FA2D8F3D84CCEE8BB05F54CE29A98BD9C2674412CB658BEE1260820DCF70C9CF2949699FFE9F08F2268C4FFE105EEF6BCAE780345C1CD76685FB0B7AEE06FEF2428BBC4C3248BDE679EDF86B7D444A3535224E9A7AD06DB52587EE703C644ADD4DC42DA7232888AC35D24D8A030130172A67BA4474AB2EE3E7C28938EBD7743D4D934A13217B3CB1ECBDBFF2EC0B56CAAA39CB507AD83F001B4FA28D32E7698ABB78E8AF6789EBC3C8C3A9D0DF10EA19BEB371C98000000000000000000000000000000000000000000000000000000000000001E8480
"IBERDROLA CLIENTES, S.A.U.",2.0TD Plan Estable Web (0-10kW),"56,13 €","56,13 €",Oferta válida solo para nuevos clientes,Ninguno,No,Sí,https://comparador.cnmc.gob.es/comparador/detalle/025FA2D8F3D84CCEE8BB05F54CE29A98BD9C2674412CB658BEE1260820DCF70C9CF2949699FFE9ED422576A19DD86236372CB17C4C30C29E65397C4A158695622AAE252FD42AAF2C825D2D96EF5CB28E16A9BC3160A0CB43B416E0AF965412C831BB74B89386611248D464D427F04075D97FF8B666F5DFF2760F2E2F1D6BA41E3BBE5BF3A19A51461A7F5D978F016BF41F201BDF16F8772A1947A77BAA7830CC3CE8564E8AF6789EBC3C8C3A9D0DF10EA19BEB371C98000000000000000000000000000000000000000000000000000000000000001E8480
"IBERDROLA CLIENTES, S.A.U.",2.0TD Plan 3 Periodos Web (0-10kW),"56,22 €","56,22 €","Válido para clientes domésticos, pequeños negocios y comunidades de propietarios.",Ninguno,No,Sí,https://comparador.cnmc.gob.es/comparador/detalle/025FA2D8F3D84CCEE8BB05F54CE29A98BD9C2674412CB658BEE1260820DCF70C9CF2949699FFE9EF3BC40BE6875EC1FD207E5CE6E68693984982FB99C875861242D68A83048B2AD71DD8962A8075560EB3C1782321523E3531814E27266ADE359C9EA3E51A986A03BFFEC2E2B6E45E12D8FC7D614FC1F76BC302F9177E47B4B581838C9F1F9B758EF7438025E7270EE6CDBE39A1E830DEBFC61CD067FC6D98D847CC9AAE8AF6789EBC3C8C3A9D0DF10EA19BEB371C98000000000000000000000000000000000000000000000000000000000000001E8480
"HIDROELÉCTRICA EL CARMEN ENERGÍA, S.L",Tarifa Milenial,"57,05 €","57,05 €",Válida para cualquier consumidor,Ninguno,No,Sí,https://comparador.cnmc.gob.es/comparador/detalle/025FA2D8F3D84CCEE8BB05F54CE29A98BD9C2674412CB658BEE1260820DCF70C9CF2949699FFE9F1471837DF892D5C61F85DC7DF35C0793F9ED45C6BA20C65EFDD949266EF9D99A325CBC865E9CDF7F78C83D8F2E5A717FD8D40862DC9D3864F070AC9BDEB33394392FC51119F649A008D6DFF8ED25DF1B4F9F4B0F067BF552916665624E35A088A6A207020FCAB275CC5446B19C08E624C99EFBDD3E43252DADD0B93AE8AF6789EBC3C8C3A9D0DF10EA19BEB371C98000000000000000000000000000000000000000000000000000000000000001E8480
"HIDROELÉCTRICA EL CARMEN ENERGÍA, S.L",Atulado DH 3 periodos,"57,60 €","57,60 €",Válida para cualquier consumidor,Ninguno,No,Sí,https://comparador.cnmc.gob.es/comparador/detalle/025FA2D8F3D84CCEE8BB05F54CE29A98BD9C2674412CB658BEE1260820DCF70C9CF2949699FFE9F14774BD8F9E9219A91C94EB20CBBAADEA57FE51596424B92F7CFAE4164C3DF76A5C412A8DE8FE4B86BCC0CCA3D60DB19972714664F40437386A4C46F074899B5A123F520D0EEF4C40E4B6EA9BEFA0E17013A10E9745F6C09612CA34B12DEAF5E6E020F1B57DEBC67ECBFAC98B293119BA2291A7B725F2A2E51E900A4E8AF6789EBC3C8C3A9D0DF10EA19BEB371C98000000000000000000000000000000000000000000000000000000000000001E8480
LUCERA,Lucera precio fijo,"57,83 €","57,83 €",Oferta válida solo para nuevos clientes,Ninguno,No,Sí,https://comparador.cnmc.gob.es/comparador/detalle/025FA2D8F3D84CCEE8BB05F54CE29A98BD9C2674412CB658BEE1260820DCF70C9CF2949699FFE9F10A607C517F1125B2342EA4D4C98DE9361B4BA0644215C42F426EF75226600EE768C35E26721721FFE483ECD5225249AF254261FA19DF6D25E410A093CA82DA800F03AC106C5F9FC74593BEF39E709EEC20D73B6E9360D5A374DC4A13F43E43DCF9CB66AC2A42B9085D9670AD15C6026AEFAE40B0BDFDCC1FDE1DBAAE8AF6789EBC3C8C3A9D0DF10EA19BEB371C98000000000000000000000000000000000000000000000000000000000000001E8480
GOIENER S.COOP,Goiener 2.0TD Trimestral,"59,15 €","59,15 €",Válida para cualquier consumidor,Ninguno,No,Sí,https://comparador.cnmc.gob.es/comparador/detalle/025FA2D8F3D84CCEE8BB05F54CE29A98BD9C2674412CB658BEE1260820DCF70C9CF2949699FFE9F0F4B1270C7B74C905B7426175A2E99132B57638AAC4624145E673D23870CA1436A5405CC6A2C38C70963ACF5CCA4649256DD5550C3675F672A0B748BB9A43DD3A3B4F712247DDD8B2D07CA7E0C2C06F121C7148527E63A8184D7421327A46A23151AD07DDDF1D6D0ECAD84E188FA304BEE9BB6F6D54EB09B88311ED2E8AF6789EBC3C8C3A9D0DF10EA19BEB371C98000000000000000000000000000000000000000000000000000000000000001E8480
SOLABRIA S.COOP. - ENERPLUS S.C.,SOLABRIA 2.0 TD,"60,32 €","60,32 €",Válida para cualquier consumidor,Ninguno,No,No,https://comparador.cnmc.gob.es/comparador/detalle/025FA2D8F3D84CCEE8BB05F54CE29A98BD9C2674412CB658BEE1260820DCF70C9CF2949699FFE9F1310C5CEA702C426E573A613E7921EC917FD4FFC462408FC6E2331B9DDD67412B2BD364DE1B4A0ED90DFDC7C99D347DD7F0A2B908BC395EB2606FF4B3319DD9E7400515280B5820ABC10DFD6ED96AD21FDBE2602D748ABC30F29A4EB71ED179824C018FBE30453C412BCFEA13D1C8AD330B5B02AD395F4069407B4F8E8AF6789EBC3C8C3A9D0DF10EA19BEB371C98000000000000000000000000000000000000000000000000000000000000001E8480
EDP CLIENTES SAU,Ahorro solar HOGARES,"60,89 €","60,89 €",Válida para nuevos clientes que cumplen ciertos requisitos (ver detalle de la oferta),Ninguno,No,No,https://comparador.cnmc.gob.es/comparador/detalle/025FA2D8F3D84CCEE8BB05F54CE29A98BD9C2674412CB658BEE1260820DCF70C9CF2949699FFE9F14CE092E0DF7930D43BCFFBF89563C3EB3173AB47C39199E9D3F9AD5CB9A376168D21EAE5DCD330EA90531401EC10B1BBE04C89A06CDE94E53B229CE680995AAB872C60C8980FBE0601FCB060A68CED6694BA8B5E4B360BF8DCA43EE98C68DE51CA28896910B5197D30AA52304AB9D925240E5C080037537EF552FDAE8AF6789EBC3C8C3A9D0DF10EA19BEB371C98000000000000000000000000000000000000000000000000000000000000001E8480
INER ENERGIA CASTILLA LA MANCHA SL,LA CLASICA,"61,79 €","61,79 €",Válida para consumidores domésticos y pequeños negocios,Ninguno,No,Sí,https://comparador.cnmc.gob.es/comparador/detalle/025FA2D8F3D84CCEE8BB05F54CE29A98BD9C2674412CB658BEE1260820DCF70C9CF2949699FFE9EF643E88EFE371911CF89DC99883FD9E494BDE239EB319F1E7FF9A473B8AB431FEF13387AA2599E4B3CE6C158C4E35726976D566499BB8445109456A01306353DB6D4F30E383925A3908E3531E1D0AD946FE6BF218B686B463ED34E9FFBF034E02977C311E736CADC9BD878B3FAF611EAB8CF323D4C0909D54F1C080AE8AF6789EBC3C8C3A9D0DF10EA19BEB371C98000000000000000000000000000000000000000000000000000000000000001E8480
"INER EUSKADI, S.L.",LA CLASICA,"61,79 €","61,79 €",Válida para consumidores domésticos y pequeños negocios,Ninguno,No,No,https://comparador.cnmc.gob.es/comparador/detalle/025FA2D8F3D84CCEE8BB05F54CE29A98BD9C2674412CB658BEE1260820DCF70C9CF2949699FFE9EF649B0E9FF8D64E641CD4ECDA19F7D2F40508188C753245279F0098EAE7548FC627A8E9D224CA3842FEA9093D3E9C0C055C062680C5E8F53A6C86E733B9B9B5F1EC9231DEF31D0C79602C3E2B3A4DC90218184FBF94BE1FD0E998C88C09943B5F0D7CB2B2F4AD4CEBC43DE9B11803D61915950DB80250ED5F3344F74E8AF6789EBC3C8C3A9D0DF10EA19BEB371C98000000000000000000000000000000000000000000000000000000000000001E8480
TOTALENERGIES CLIENTES S.A.U.,A TU AIRE PLAN VEHÍCULO ELÉCTRICO + DIGITAL,"61,59 €","61,92 €",Válida sólo para consumidores domésticos,Ninguno,No,Sí,https://comparador.cnmc.gob.es/comparador/detalle/025FA2D8F3D84CCEE8BB05F54CE29A98BD9C2674412CB658BEE1260820DCF70C9CF2949699FFE9F1657415A68E3B77B9DA7559646BD9C1446098BA6F5207B6D02B275FF1543C5F01044FFD85A5A962F36083CF01C7517F24C13F9847A1CD92E39887DE52FB8B68A554F8A39238E7171D315B1FDC6C549B1966836BB151EE94EBE72B5C2D5AE7EAE1224AF4DB65DF5E86F91B685015F2923D6F107C65774C96385C82802E8AF6789EBC3C8C3A9D0DF10EA19BEB371C98000000000000000000000000000000000000000000000000000000000000001E8480
INER ENERGIA CASTILLA LA MANCHA SL,TRANQUILIDAD,"62,03 €","62,03 €",Válida para consumidores domésticos y pequeños negocios,Ninguno,No,Sí,https://comparador.cnmc.gob.es/comparador/detalle/025FA2D8F3D84CCEE8BB05F54CE29A98BD9C2674412CB658BEE1260820DCF70C9CF2949699FFE9EF64F794500E3B0BAB410C101BAFF2079EBE320D7A374A98673E66EA9A43F4ED8D5E1E4BFA23FA8BD22EE5FCEE2F02A5A14136E6B7F019A623CFC86466431018086BD532DA62A7BEB9B77529385790B8BD31C4AD6672F58B3DE5FCA718542528BB837D344775EDEC0DCAF4482280A68D869E36F79B44113D6974C96DEE8AF6789EBC3C8C3A9D0DF10EA19BEB371C98000000000000000000000000000000000000000000000000000000000000001E8480
"INER EUSKADI, S.L.",TRANQUILIDAD,"62,03 €","62,03 €",Válida para consumidores domésticos y pequeños negocios,Ninguno,No,No,https://comparador.cnmc.gob.es/comparador/detalle/025FA2D8F3D84CCEE8BB05F54CE29A98BD9C2674412CB658BEE1260820DCF70C9CF2949699FFE9EFC6300E568915EF6C4EFC1C0647DB5F034F486B4F2ADA1241BCEABFDE987777E19776700149C25947DEF20DDACAD20E711570E0AF45438B611B98F28092D529AC253D3B0E97650C556F14260016E6A0572BE315BDF3316CC31AED8082AE6E92E382055D5346D522CED895854D73A14B9F3059BB675B2558304CFA140E8AF6789EBC3C8C3A9D0DF10EA19BEB371C98000000000000000000000000000000000000000000000000000000000000001E8480
ENDESA ENERGÍA S.A.U.,Tempo 3 Periodos,"62,28 €","62,28 €","Válido para clientes domésticos, pequeños negocios y comunidades de propietarios.",Ninguno,No,No,https://comparador.cnmc.gob.es/comparador/detalle/025FA2D8F3D84CCEE8BB05F54CE29A98BD9C2674412CB658BEE1260820DCF70C9CF2949699FFE9F15A3FE553F7088C1C77C81473428D6097F48411A4D115A21BDDC37BB51CD103E16C191AADBECF449C89224C94AAE4E5440058519985E826A09399B5345A1587EBEBDB851FB71B81529F86A945E13993714AA4147C693892B957136930535B2CAED83B43DFBF0C19682905F8946A3E5BF9E37529E08102E4FA6D7822CE8AF6789EBC3C8C3A9D0DF10EA19BEB371C98000000000000000000000000000000000000000000000000000000000000001E8480
ENDESA ENERGÍA S.A.U.,Tempo 24 horas,"62,35 €","62,35 €","Válido para clientes domésticos, pequeños negocios y comunidades de propietarios.",Ninguno,No,No,https://comparador.cnmc.gob.es/comparador/detalle/025FA2D8F3D84CCEE8BB05F54CE29A98BD9C2674412CB658BEE1260820DCF70C9CF2949699FFE9F1431E794E9DD93A5369FF440DC40035E9AA06D6344B00D234042F0FDDF4B99213CEC090ADF2BA60D079E56058913E7E4AB42843CEF9BBEC47C33A6892047D024C1B1B4643D46EF13CCD4BE5FE907DA4AADF8CAAC4DB5DB77A3E1BC61DAF1FD591581ADEBF6EE450E67B6E5C3A41908097BAFAB11010EEE26A0C5A7ACE8AF6789EBC3C8C3A9D0DF10EA19BEB371C98000000000000000000000000000000000000000000000000000000000000001E8480
"ELECTRA CALDENSE ENERGIA, S.A.",FIX,"62,38 €","62,38 €",Válida para cualquier consumidor,Ninguno,No,Sí,https://comparador.cnmc.gob.es/comparador/detalle/025FA2D8F3D84CCEE8BB05F54CE29A98BD9C2674412CB658BEE1260820DCF70C9CF2949699FFE9F00E1BFA372A6511B975D88401DD5A4FB93EE5D0210BC2C8B6A5743F2F99205DBCECB5BD18A8534D965E537C65AA9376A03E564B91111D10CD438144C954FB69291252FE824C359C5948C2DD31D5EEFAC820DFE274B045EE7B4C8F7F90A51715C33C6A17C3C010D6421058EF75CA1DE1C466368B0F77A390293AF24A6E8AF6789EBC3C8C3A9D0DF10EA19BEB371C98000000000000000000000000000000000000000000000000000000000000001E8480
"ELECTRA CALDENSE ENERGIA, S.A.",FLEXA3,"62,87 €","62,87 €",Válida para cualquier consumidor,Ninguno,No,Sí,https://comparador.cnmc.gob.es/comparador/detalle/025FA2D8F3D84CCEE8BB05F54CE29A98BD9C2674412CB658BEE1260820DCF70C9CF2949699FFE9F00ED50597552E8C47BE46CA85094EB90EB139B9FC8FF36F35E440E28E5261194B59A08168A6B3F4B4BECD63C78B60A9D808B7CBFF657E72A00A043F2E67A82D5610D900792B4B00D9F754B34C1074DA3E54389DC26CB4C55545573CA93A38F07C286B1AECC29214861DC5AC589B63509F777A5ED5FB24303DBDFB37AE8AF6789EBC3C8C3A9D0DF10EA19BEB371C98000000000000000000000000000000000000000000000000000000000000001E8480
NOSA ENERXIA SCG,Nosa Enerxía 2.0TD,"63,29 €","63,29 €",Válida para cualquier consumidor,Ninguno,No,Sí,https://comparador.cnmc.gob.es/comparador/detalle/025FA2D8F3D84CCEE8BB05F54CE29A98BD9C2674412CB658BEE1260820DCF70C9CF2949699FFE9EF63E2033FCE0CD3D5D466A656EE03699E92B42EB0F1019EA86033F58C2E13D437BABE2582266991249E2F21DB5DCED8CD91A4A61271879367A603ECCEA70CF1C4EE0C2FE81407A7F8B19A6810FFC7E98BE4BF9471D84F48F6F0D10B73747260A6217BAF89F22C0EA7B6D12CCE46BE673E045139F17ED04D4AB03C0A0E8AF6789EBC3C8C3A9D0DF10EA19BEB371C98000000000000000000000000000000000000000000000000000000000000001E8480
LA CORRIENTE SOCIEDAD COOPERATIVA,LC-T-2.0TD,"63,67 €","63,67 €",Válida para cualquier consumidor,Ninguno,No,Sí,https://comparador.cnmc.gob.es/comparador/detalle/025FA2D8F3D84CCEE8BB05F54CE29A98BD9C2674412CB658BEE1260820DCF70C9CF2949699FFE9F1327E73AAC5BF378AE816EE44D10ABF3C647CD37B6AA1DCC55FCC625B4FE8B84805A8ED7E180B5D15CEF1968D5ECEE4478565B9E564FC2257ED75E97D56F762413D111915C982E9AD1E31A9A34E76910C4293D6C8ED6869E4E429C8E849152EF4240396103547B8C946A963D974538AE92DE2AA3A40608092468D2A0E8AF6789EBC3C8C3A9D0DF10EA19BEB371C98000000000000000000000000000000000000000000000000000000000000001E8480
SOM ENERGIA SCCL,Som Energia 2.0TD,"64,40 €","64,40 €",Válida para cualquier consumidor,Ninguno,No,Sí,https://comparador.cnmc.gob.es/comparador/detalle/025FA2D8F3D84CCEE8BB05F54CE29A98BD9C2674412CB658BEE1260820DCF70C9CF2949699FFE9F01EBBFFDB027F1481F7C0D9CAD04FC666846FD2D9EC21BE2549D6ECB23DF13788B5CD60488302515109474630DD0310A36D18D57AA5DCDABD1945C3DE02810933F05D2BB05721A3E8F7DD198D17F60E66BDD8B6709E3B3C10A6817CC60B21BC6070816072F9AD6E5F451DE7D6975AD772F34E91E54831F20100BF9B2E8AF6789EBC3C8C3A9D0DF10EA19BEB371C98000000000000000000000000000000000000000000000000000000000000001E8480
"ENSTROGA, S.L.",A Contraluz 2.0TD,"70,48 €","70,48 €",Válida para cualquier consumidor,Ninguno,No,Sí,https://comparador.cnmc.gob.es/comparador/detalle/025FA2D8F3D84CCEE8BB05F54CE29A98BD9C2674412CB658BEE1260820DCF70C9CF2949699FFE9EF4C64118A5F78C4C5A266B2AFD97C0A458F0CFE52A8D47B80E7393805A95C04A2E6F0395A5B2459C95EB541EE53C1D8386043D810BB2AA825726322F9C81E0A0E9E08F010C1D065A28816B9BC91C90B0A5FFBCD136C3D024ADB7589D485A61C2C2B5AC8D520C3A70402833202B56DD46E5334D73DCCFBFAB00D99EB6E8AF6789EBC3C8C3A9D0DF10EA19BEB371C98000000000000000000000000000000000000000000000000000000000000001E8480
"ENSTROGA, S.L.",Precio Único <10K - 2.0TD,"72,61 €","72,61 €",Válida para cualquier consumidor,Ninguno,No,Sí,https://comparador.cnmc.gob.es/comparador/detalle/025FA2D8F3D84CCEE8BB05F54CE29A98BD9C2674412CB658BEE1260820DCF70C9CF2949699FFE9F00FEA96A7955CC41D2AEC3449CB3D570EDCB798C5D63C68F4C273D79C684232A0FD00A7E0A444EF624F843EDA5C9476ABB84A0CA4E410855C33C8B6C603AB53998EA2036B79EB179AFD2F7473683DA96FA13DB6B7075B079C3A82D84E19EBB8918A6C9FAA4653F1EC31E8C7ACD54B76E811601C7FC065205C82889B8E8AF6789EBC3C8C3A9D0DF10EA19BEB371C98000000000000000000000000000000000000000000000000000000000000001E8480
CLEARVIEW ENERGY S.L.,Tarifa Precio Fijo 2.0 (2310),"74,46 €","74,46 €",Oferta válida solo para comercios o negocios,Ninguno,No,Sí,https://comparador.cnmc.gob.es/comparador/detalle/025FA2D8F3D84CCEE8BB05F54CE29A98BD9C2674412CB658BEE1260820DCF70C9CF2949699FFE9F15814C33376AC1C719E7D40E9BEB024979D8854124483AE9E215D9198F10ED1362558CDBDC3AD4F4167B4966F087D4B9CA133D04E88C401284010C605220F3B64F0497F3B19DB53D093D126F731A7F50EB099E29333EC0E2B6CBC31E693F59C8414383A64B7885E9C00BFC1EBF66E0F68AFA9AE8CF68104BCE45D5B0E8AF6789EBC3C8C3A9D0DF10EA19BEB371C98000000000000000000000000000000000000000000000000000000000000001E8480
CIDE HCENERGÍA S.A.U,Confianza Base,"81,19 €","81,19 €",Válida para cualquier consumidor,Ninguno,No,No,https://comparador.cnmc.gob.es/comparador/detalle/025FA2D8F3D84CCEE8BB05F54CE29A98BD9C2674412CB658BEE1260820DCF70C9CF2949699FFE9EBED550302CFC32927D011D2E4D788C1BE53AC447C1DEBEE0600C74039A1713E5AE7F89C41EC58E61B6624136BD6B0F6027582D57B2CF86713937F4790AE5310338103C6A44809A57453E623679D64CDBEE42234828F46EDA887DD952CF5BFF9AF6EA20B8F71F73D9D655A381EA796CAAFCCDB1B5C77115B04E5F75EEE8AF6789EBC3C8C3A9D0DF10EA19BEB371C98000000000000000000000000000000000000000000000000000000000000001E8480
