{
    "resource": "playercareerstats",
    "parameters": {
        "PerMode": "PerGame",
        "PlayerID": 977,
        "LeagueID": "00"
    },
    "resultSets": [
        {
            "name": "SeasonTotalsRegularSeason",
            "headers": [
                "PLAYER_ID",
                "SEASON_ID",
                "LEAGUE_ID",
                "TEAM_ID",
                "TEAM_ABBREVIATION",
                "PLAYER_AGE",
                "GP",
                "GS",
                "MIN",
                "FGM",
                "FGA",
                "FG_PCT",
                "FG3M",
                "FG3A",
                "FG3_PCT",
                "FTM",
                "FTA",
                "FT_PCT",
                "OREB",
                "DREB",
                "REB",
                "AST",
                "STL",
                "BLK",
                "TOV",
                "PF",
                "PTS"
            ],
            "rowSet": [
                [
                    977,
                    "1996-97",
                    "00",
                    1610612747,
                    "LAL",
                    18.0,
                    71,
                    6,
                    15.5,
                    2.5,
                    5.9,
                    0.417,
                    0.7,
                    1.9,
                    0.375,
                    1.9,
                    2.3,
                    0.819,
                    0.7,
                    1.2,
                    1.9,
                    1.3,
                    0.7,
                    0.3,
                    1.6,
                    1.4,
                    7.6
                ],
                [
                    977,
                    "1997-98",
                    "00",
                    1610612747,
                    "LAL",
                    19.0,
                    79,
                    1,
                    26.0,
                    4.9,
                    11.6,
                    0.428,
                    0.9,
                    2.8,
                    0.341,
                    4.6,
                    5.8,
                    0.794,
                    1.0,
                    2.1,
                    3.1,
                    2.5,
                    0.9,
                    0.5,
                    2.0,
                    2.3,
                    15.4
                ],
                [
                    977,
                    "1998-99",
                    "00",
                    1610612747,
                    "LAL",
                    20.0,
                    50,
                    50,
                    37.9,
                    7.2,
                    15.6,
                    0.465,
                    0.5,
                    2.0,
                    0.267,
                    4.9,
                    5.8,
                    0.839,
                    1.1,
                    4.2,
                    5.3,
                    3.8,
                    1.4,
                    1.0,
                    3.1,
                    3.1,
                    19.9
                ],
                [
                    977,
                    "1999-00",
                    "00",
                    1610612747,
                    "LAL",
                    21.0,
                    66,
                    62,
                    38.2,
                    8.4,
                    17.9,
                    0.468,
                    0.7,
                    2.2,
                    0.319,
                    5.0,
                    6.1,
                    0.821,
                    1.6,
                    4.7,
                    6.3,
                    4.9,
                    1.6,
                    0.9,
                    2.8,
                    3.3,
                    22.5
                ],
                [
                    977,
                    "2000-01",
                    "00",
                    1610612747,
                    "LAL",
                    22.0,
                    68,
                    68,
                    41.0,
                    10.3,
                    22.2,
                    0.464,
                    0.9,
                    2.9,
                    0.305,
                    7.0,
                    8.2,
                    0.853,
                    1.5,
                    4.3,
                    5.9,
                    5.0,
                    1.7,
                    0.6,
                    3.2,
                    3.3,
                    28.5
                ],
                [
                    977,
                    "2001-02",
                    "00",
                    1610612747,
                    "LAL",
                    23.0,
                    80,
                    80,
                    38.3,
                    9.4,
                    20.0,
                    0.469,
                    0.4,
                    1.7,
                    0.25,
                    6.1,
                    7.4,
                    0.829,
                    1.4,
                    4.1,
                    5.5,
                    5.5,
                    1.5,
                    0.4,
                    2.8,
                    2.9,
                    25.2
                ],
                [
                    977,
                    "2002-03",
                    "00",
                    1610612747,
                    "LAL",
                    24.0,
                    82,
                    82,
                    41.5,
                    10.6,
                    23.5,
                    0.451,
                    1.5,
                    4.0,
                    0.383,
                    7.3,
                    8.7,
                    0.843,
                    1.3,
                    5.6,
                    6.9,
                    5.9,
                    2.2,
                    0.8,
                    3.5,
                    2.7,
                    30.0
                ],
                [
                    977,
                    "2003-04",
                    "00",
                    1610612747,
                    "LAL",
                    25.0,
                    65,
                    64,
                    37.7,
                    7.9,
                    18.1,
                    0.438,
                    1.1,
                    3.3,
                    0.327,
                    7.0,
                    8.2,
                    0.852,
                    1.6,
                    3.9,
                    5.5,
                    5.1,
                    1.7,
                    0.4,
                    2.6,
                    2.7,
                    24.0
                ],
                [
                    977,
                    "2004-05",
                    "00",
                    1610612747,
                    "LAL",
                    26.0,
                    66,
                    66,
                    40.7,
                    8.7,
                    20.1,
                    0.433,
                    2.0,
                    5.9,
                    0.339,
                    8.2,
                    10.1,
                    0.816,
                    1.4,
                    4.5,
                    5.9,
                    6.0,
                    1.3,
                    0.8,
                    4.1,
                    2.6,
                    27.6
                ],
                [
                    977,
                    "2005-06",
                    "00",
                    1610612747,
                    "LAL",
                    27.0,
                    80,
                    80,
                    41.0,
                    12.2,
                    27.2,
                    0.45,
                    2.3,
                    6.5,
                    0.347,
                    8.7,
                    10.2,
                    0.85,
                    0.9,
                    4.4,
                    5.3,
                    4.5,
                    1.8,
                    0.4,
                    3.1,
                    2.9,
                    35.4
                ],
                [
                    977,
                    "2006-07",
                    "00",
                    1610612747,
                    "LAL",
                    28.0,
                    77,
                    77,
                    40.8,
                    10.6,
                    22.8,
                    0.463,
                    1.8,
                    5.2,
                    0.344,
                    8.7,
                    10.0,
                    0.868,
                    1.0,
                    4.7,
                    5.7,
                    5.4,
                    1.4,
                    0.5,
                    3.3,
                    2.7,
                    31.6
                ],
                [
                    977,
                    "2007-08",
                    "00",
                    1610612747,
                    "LAL",
                    29.0,
                    82,
                    82,
                    38.9,
                    9.5,
                    20.6,
                    0.459,
                    1.8,
                    5.1,
                    0.361,
                    7.6,
                    9.0,
                    0.84,
                    1.1,
                    5.2,
                    6.3,
                    5.4,
                    1.8,
                    0.5,
                    3.1,
                    2.8,
                    28.3
                ],
                [
                    977,
                    "2008-09",
                    "00",
                    1610612747,
                    "LAL",
                    30.0,
                    82,
                    82,
                    36.1,
                    9.8,
                    20.9,
                    0.467,
                    1.4,
                    4.1,
                    0.351,
                    5.9,
                    6.9,
                    0.856,
                    1.1,
                    4.1,
                    5.2,
                    4.9,
                    1.5,
                    0.5,
                    2.6,
                    2.3,
                    26.8
                ],
                [
                    977,
                    "2009-10",
                    "00",
                    1610612747,
                    "LAL",
                    31.0,
                    73,
                    73,
                    38.8,
                    9.8,
                    21.5,
                    0.456,
                    1.4,
                    4.1,
                    0.329,
                    6.0,
                    7.4,
                    0.811,
                    1.1,
                    4.3,
                    5.4,
                    5.0,
                    1.5,
                    0.3,
                    3.2,
                    2.6,
                    27.0
                ],
                [
                    977,
                    "2010-11",
                    "00",
                    1610612747,
                    "LAL",
                    32.0,
                    82,
                    82,
                    33.9,
                    9.0,
                    20.0,
                    0.451,
                    1.4,
                    4.3,
                    0.323,
                    5.9,
                    7.1,
                    0.828,
                    1.0,
                    4.1,
                    5.1,
                    4.7,
                    1.2,
                    0.1,
                    3.0,
                    2.1,
                    25.3
                ],
                [
                    977,
                    "2011-12",
                    "00",
                    1610612747,
                    "LAL",
                    33.0,
                    58,
                    58,
                    38.5,
                    9.9,
                    23.0,
                    0.43,
                    1.5,
                    4.9,
                    0.303,
                    6.6,
                    7.8,
                    0.845,
                    1.1,
                    4.3,
                    5.4,
                    4.6,
                    1.2,
                    0.3,
                    3.5,
                    1.8,
                    27.9
                ],
                [
                    977,
                    "2012-13",
                    "00",
                    1610612747,
                    "LAL",
                    34.0,
                    78,
                    78,
                    38.6,
                    9.5,
                    20.4,
                    0.463,
                    1.7,
                    5.2,
                    0.324,
                    6.7,
                    8.0,
                    0.839,
                    0.8,
                    4.7,
                    5.6,
                    6.0,
                    1.4,
                    0.3,
                    3.7,
                    2.2,
                    27.3
                ],
                [
                    977,
                    "2013-14",
                    "00",
                    1610612747,
                    "LAL",
                    35.0,
                    6,
                    6,
                    29.5,
                    5.2,
                    12.2,
                    0.425,
                    0.5,
                    2.7,
                    0.188,
                    3.0,
                    3.5,
                    0.857,
                    0.3,
                    4.0,
                    4.3,
                    6.3,
                    1.2,
                    0.2,
                    5.7,
                    1.5,
                    13.8
                ],
                [
                    977,
                    "2014-15",
                    "00",
                    1610612747,
                    "LAL",
                    36.0,
                    35,
                    35,
                    34.5,
                    7.6,
                    20.4,
                    0.373,
                    1.5,
                    5.3,
                    0.293,
                    5.6,
                    6.9,
                    0.813,
                    0.7,
                    4.9,
                    5.7,
                    5.6,
                    1.3,
                    0.2,
                    3.7,
                    1.9,
                    22.3
                ],
                [
                    977,
                    "2015-16",
                    "00",
                    1610612747,
                    "LAL",
                    37.0,
                    66,
                    66,
                    28.2,
                    6.0,
                    16.9,
                    0.358,
                    2.0,
                    7.1,
                    0.285,
                    3.5,
                    4.3,
                    0.826,
                    0.6,
                    3.1,
                    3.7,
                    2.8,
                    0.9,
                    0.2,
                    2.0,
                    1.7,
                    17.6
                ]
            ]
        },
        {
            "name": "CareerTotalsRegularSeason",
            "headers": [
                "PLAYER_ID",
                "LEAGUE_ID",
                "Team_ID",
                "GP",
                "GS",
                "MIN",
                "FGM",
                "FGA",
                "FG_PCT",
                "FG3M",
                "FG3A",
                "FG3_PCT",
                "FTM",
                "FTA",
                "FT_PCT",
                "OREB",
                "DREB",
                "REB",
                "AST",
                "STL",
                "BLK",
                "TOV",
                "PF",
                "PTS"
            ],
            "rowSet": [
                [
                    977,
                    "00",
                    0,
                    1346,
                    1198,
                    36.1,
                    8.7,
                    19.5,
                    0.447,
                    1.4,
                    4.1,
                    0.329,
                    6.2,
                    7.4,
                    0.837,
                    1.1,
                    4.1,
                    5.2,
                    4.7,
                    1.4,
                    0.5,
                    3.0,
                    2.5,
                    25.0
                ]
            ]
        },
        {
            "name": "SeasonTotalsPostSeason",
            "headers": [
                "PLAYER_ID",
                "SEASON_ID",
                "LEAGUE_ID",
                "TEAM_ID",
                "TEAM_ABBREVIATION",
                "PLAYER_AGE",
                "GP",
                "GS",
                "MIN",
                "FGM",
                "FGA",
                "FG_PCT",
                "FG3M",
                "FG3A",
                "FG3_PCT",
                "FTM",
                "FTA",
                "FT_PCT",
                "OREB",
                "DREB",
                "REB",
                "AST",
                "STL",
                "BLK",
                "TOV",
                "PF",
                "PTS"
            ],
            "rowSet": [
                [
                    977,
                    "1996-97",
                    "00",
                    1610612747,
                    "LAL",
                    18.0,
                    9,
                    0,
                    14.8,
                    2.3,
                    6.1,
                    0.382,
                    0.7,
                    2.6,
                    0.261,
                    2.9,
                    3.3,
                    0.867,
                    0.1,
                    1.1,
                    1.2,
                    1.2,
                    0.3,
                    0.2,
                    1.6,
                    2.6,
                    8.2
                ],
                [
                    977,
                    "1997-98",
                    "00",
                    1610612747,
                    "LAL",
                    19.0,
                    11,
                    0,
                    20.0,
                    2.8,
                    6.9,
                    0.408,
                    0.3,
                    1.3,
                    0.214,
                    2.8,
                    4.1,
                    0.689,
                    0.6,
                    1.3,
                    1.9,
                    1.5,
                    0.3,
                    0.7,
                    1.0,
                    2.5,
                    8.7
                ],
                [
                    977,
                    "1998-99",
                    "00",
                    1610612747,
                    "LAL",
                    20.0,
                    8,
                    8,
                    39.4,
                    7.6,
                    17.8,
                    0.43,
                    1.0,
                    2.9,
                    0.348,
                    3.5,
                    4.4,
                    0.8,
                    1.6,
                    5.3,
                    6.9,
                    4.6,
                    1.9,
                    1.3,
                    3.9,
                    3.0,
                    19.8
                ],
                [
                    977,
                    "1999-00",
                    "00",
                    1610612747,
                    "LAL",
                    21.0,
                    22,
                    22,
                    39.0,
                    7.9,
                    17.9,
                    0.442,
                    1.0,
                    2.9,
                    0.344,
                    4.3,
                    5.7,
                    0.754,
                    1.2,
                    3.3,
                    4.5,
                    4.4,
                    1.5,
                    1.5,
                    2.5,
                    4.0,
                    21.1
                ],
                [
                    977,
                    "2000-01",
                    "00",
                    1610612747,
                    "LAL",
                    22.0,
                    16,
                    16,
                    43.4,
                    10.5,
                    22.4,
                    0.469,
                    0.7,
                    2.1,
                    0.324,
                    7.8,
                    9.4,
                    0.821,
                    1.8,
                    5.4,
                    7.3,
                    6.1,
                    1.6,
                    0.8,
                    3.2,
                    3.3,
                    29.4
                ],
                [
                    977,
                    "2001-02",
                    "00",
                    1610612747,
                    "LAL",
                    23.0,
                    19,
                    19,
                    43.8,
                    9.8,
                    22.7,
                    0.434,
                    1.2,
                    3.1,
                    0.379,
                    5.8,
                    7.6,
                    0.759,
                    1.5,
                    4.4,
                    5.8,
                    4.6,
                    1.4,
                    0.9,
                    2.8,
                    3.4,
                    26.6
                ],
                [
                    977,
                    "2002-03",
                    "00",
                    1610612747,
                    "LAL",
                    24.0,
                    12,
                    12,
                    44.3,
                    11.4,
                    26.4,
                    0.432,
                    2.1,
                    5.2,
                    0.403,
                    7.2,
                    8.7,
                    0.827,
                    1.3,
                    3.8,
                    5.1,
                    5.2,
                    1.2,
                    0.1,
                    3.5,
                    2.9,
                    32.1
                ],
                [
                    977,
                    "2003-04",
                    "00",
                    1610612747,
                    "LAL",
                    25.0,
                    22,
                    22,
                    44.2,
                    8.6,
                    20.9,
                    0.413,
                    1.1,
                    4.4,
                    0.247,
                    6.1,
                    7.5,
                    0.813,
                    0.8,
                    3.9,
                    4.7,
                    5.5,
                    1.9,
                    0.3,
                    2.8,
                    2.7,
                    24.5
                ],
                [
                    977,
                    "2005-06",
                    "00",
                    1610612747,
                    "LAL",
                    27.0,
                    7,
                    7,
                    44.9,
                    10.3,
                    20.7,
                    0.497,
                    2.0,
                    5.0,
                    0.4,
                    5.3,
                    6.9,
                    0.771,
                    0.6,
                    5.7,
                    6.3,
                    5.1,
                    1.1,
                    0.4,
                    4.7,
                    3.6,
                    27.9
                ],
                [
                    977,
                    "2006-07",
                    "00",
                    1610612747,
                    "LAL",
                    28.0,
                    5,
                    5,
                    42.9,
                    12.0,
                    26.0,
                    0.462,
                    2.0,
                    5.6,
                    0.357,
                    6.8,
                    7.4,
                    0.919,
                    0.2,
                    5.0,
                    5.2,
                    4.4,
                    1.0,
                    0.4,
                    4.4,
                    2.0,
                    32.8
                ],
                [
                    977,
                    "2007-08",
                    "00",
                    1610612747,
                    "LAL",
                    29.0,
                    21,
                    21,
                    41.1,
                    10.6,
                    22.0,
                    0.479,
                    1.5,
                    5.0,
                    0.302,
                    7.5,
                    9.2,
                    0.809,
                    0.9,
                    4.8,
                    5.7,
                    5.6,
                    1.7,
                    0.4,
                    3.3,
                    2.8,
                    30.1
                ],
                [
                    977,
                    "2008-09",
                    "00",
                    1610612747,
                    "LAL",
                    30.0,
                    23,
                    23,
                    40.9,
                    10.5,
                    23.0,
                    0.457,
                    1.6,
                    4.6,
                    0.349,
                    7.6,
                    8.6,
                    0.883,
                    0.8,
                    4.5,
                    5.3,
                    5.5,
                    1.7,
                    0.9,
                    2.6,
                    2.6,
                    30.2
                ],
                [
                    977,
                    "2009-10",
                    "00",
                    1610612747,
                    "LAL",
                    31.0,
                    23,
                    23,
                    40.1,
                    10.2,
                    22.2,
                    0.458,
                    2.1,
                    5.7,
                    0.374,
                    6.7,
                    8.0,
                    0.842,
                    1.1,
                    4.9,
                    6.0,
                    5.5,
                    1.3,
                    0.7,
                    3.4,
                    3.3,
                    29.2
                ],
                [
                    977,
                    "2010-11",
                    "00",
                    1610612747,
                    "LAL",
                    32.0,
                    10,
                    10,
                    35.4,
                    8.3,
                    18.6,
                    0.446,
                    1.2,
                    4.1,
                    0.293,
                    5.0,
                    6.1,
                    0.82,
                    0.8,
                    2.6,
                    3.4,
                    3.3,
                    1.6,
                    0.3,
                    3.1,
                    2.3,
                    22.8
                ],
                [
                    977,
                    "2011-12",
                    "00",
                    1610612747,
                    "LAL",
                    33.0,
                    12,
                    12,
                    39.7,
                    11.0,
                    25.1,
                    0.439,
                    1.4,
                    5.0,
                    0.283,
                    6.6,
                    7.9,
                    0.832,
                    1.3,
                    3.5,
                    4.8,
                    4.3,
                    1.3,
                    0.2,
                    2.8,
                    2.8,
                    30.0
                ]
            ]
        },
        {
            "name": "CareerTotalsPostSeason",
            "headers": [
                "PLAYER_ID",
                "LEAGUE_ID",
                "Team_ID",
                "GP",
                "GS",
                "MIN",
                "FGM",
                "FGA",
                "FG_PCT",
                "FG3M",
                "FG3A",
                "FG3_PCT",
                "FTM",
                "FTA",
                "FT_PCT",
                "OREB",
                "DREB",
                "REB",
                "AST",
                "STL",
                "BLK",
                "TOV",
                "PF",
                "PTS"
            ],
            "rowSet": [
                [
                    977,
                    "00",
                    0,
                    220,
                    200,
                    39.3,
                    9.2,
                    20.5,
                    0.448,
                    1.3,
                    4.0,
                    0.331,
                    6.0,
                    7.4,
                    0.816,
                    1.0,
                    4.0,
                    5.1,
                    4.7,
                    1.4,
                    0.7,
                    2.9,
                    3.0,
                    25.6
                ]
            ]
        },
        {
            "name": "SeasonTotalsAllStarSeason",
            "headers": [
                "PLAYER_ID",
                "SEASON_ID",
                "LEAGUE_ID",
                "TEAM_ID",
                "TEAM_ABBREVIATION",
                "PLAYER_AGE",
                "GP",
                "GS",
                "MIN",
                "FGM",
                "FGA",
                "FG_PCT",
                "FG3M",
                "FG3A",
                "FG3_PCT",
                "FTM",
                "FTA",
                "FT_PCT",
                "OREB",
                "DREB",
                "REB",
                "AST",
                "STL",
                "BLK",
                "TOV",
                "PF",
                "PTS"
            ],
            "rowSet": [
                [
                    977,
                    "1997-98",
                    "00",
                    1610616834,
                    "WST",
                    19.0,
                    1,
                    1,
                    22.0,
                    7.0,
                    16.0,
                    0.438,
                    2.0,
                    3.0,
                    0.667,
                    2.0,
                    2.0,
                    1.0,
                    2.0,
                    4.0,
                    6.0,
                    1.0,
                    2.0,
                    0.0,
                    1.0,
                    1.0,
                    18.0
                ],
                [
                    977,
                    "1999-00",
                    "00",
                    1610616834,
                    "WST",
                    21.0,
                    1,
                    1,
                    28.0,
                    7.0,
                    16.0,
                    0.438,
                    1.0,
                    4.0,
                    0.25,
                    0.0,
                    0.0,
                    0.0,
                    1.0,
                    0.0,
                    1.0,
                    3.0,
                    2.0,
                    0.0,
                    1.0,
                    3.0,
                    15.0
                ],
                [
                    977,
                    "2000-01",
                    "00",
                    1610616834,
                    "WST",
                    22.0,
                    1,
                    1,
                    30.0,
                    9.0,
                    17.0,
                    0.529,
                    1.0,
                    2.0,
                    0.5,
                    0.0,
                    0.0,
                    0.0,
                    2.0,
                    2.0,
                    4.0,
                    7.0,
                    1.0,
                    0.0,
                    3.0,
                    3.0,
                    19.0
                ],
                [
                    977,
                    "2001-02",
                    "00",
                    1610616834,
                    "WST",
                    23.0,
                    1,
                    1,
                    30.0,
                    12.0,
                    25.0,
                    0.48,
                    0.0,
                    4.0,
                    0.0,
                    7.0,
                    7.0,
                    1.0,
                    2.0,
                    3.0,
                    5.0,
                    5.0,
                    1.0,
                    0.0,
                    0.0,
                    2.0,
                    31.0
                ],
                [
                    977,
                    "2002-03",
                    "00",
                    1610616834,
                    "WST",
                    24.0,
                    1,
                    1,
                    36.0,
                    8.0,
                    17.0,
                    0.471,
                    3.0,
                    5.0,
                    0.6,
                    3.0,
                    6.0,
                    0.5,
                    2.0,
                    5.0,
                    7.0,
                    6.0,
                    3.0,
                    2.0,
                    5.0,
                    5.0,
                    22.0
                ],
                [
                    977,
                    "2003-04",
                    "00",
                    1610616834,
                    "WST",
                    25.0,
                    1,
                    1,
                    35.4,
                    9.0,
                    12.0,
                    0.75,
                    2.0,
                    3.0,
                    0.667,
                    0.0,
                    1.0,
                    0.0,
                    1.0,
                    3.0,
                    4.0,
                    4.0,
                    5.0,
                    1.0,
                    6.0,
                    3.0,
                    20.0
                ],
                [
                    977,
                    "2004-05",
                    "00",
                    1610616834,
                    "WST",
                    26.0,
                    1,
                    1,
                    29.0,
                    7.0,
                    14.0,
                    0.5,
                    2.0,
                    5.0,
                    0.4,
                    0.0,
                    0.0,
                    0.0,
                    3.0,
                    3.0,
                    6.0,
                    7.0,
                    3.0,
                    1.0,
                    4.0,
                    5.0,
                    16.0
                ],
                [
                    977,
                    "2005-06",
                    "00",
                    1610616834,
                    "WST",
                    27.0,
                    1,
                    1,
                    26.3,
                    4.0,
                    11.0,
                    0.364,
                    0.0,
                    5.0,
                    0.0,
                    0.0,
                    0.0,
                    0.0,
                    0.0,
                    7.0,
                    7.0,
                    8.0,
                    3.0,
                    0.0,
                    3.0,
                    5.0,
                    8.0
                ],
                [
                    977,
                    "2006-07",
                    "00",
                    1610616834,
                    "WST",
                    28.0,
                    1,
                    1,
                    28.2,
                    13.0,
                    24.0,
                    0.542,
                    3.0,
                    9.0,
                    0.333,
                    2.0,
                    2.0,
                    1.0,
                    1.0,
                    4.0,
                    5.0,
                    6.0,
                    6.0,
                    0.0,
                    4.0,
                    1.0,
                    31.0
                ],
                [
                    977,
                    "2007-08",
                    "00",
                    1610616834,
                    "WST",
                    29.0,
                    1,
                    1,
                    2.9,
                    0.0,
                    0.0,
                    0.0,
                    0.0,
                    0.0,
                    0.0,
                    0.0,
                    0.0,
                    0.0,
                    0.0,
                    1.0,
                    1.0,
                    0.0,
                    0.0,
                    0.0,
                    0.0,
                    0.0,
                    0.0
                ],
                [
                    977,
                    "2008-09",
                    "00",
                    1610616834,
                    "WST",
                    30.0,
                    1,
                    1,
                    29.2,
                    12.0,
                    23.0,
                    0.522,
                    3.0,
                    8.0,
                    0.375,
                    0.0,
                    0.0,
                    0.0,
                    1.0,
                    3.0,
                    4.0,
                    4.0,
                    4.0,
                    0.0,
                    1.0,
                    0.0,
                    27.0
                ],
                [
                    977,
                    "2010-11",
                    "00",
                    1610616834,
                    "WST",
                    32.0,
                    1,
                    1,
                    29.4,
                    14.0,
                    26.0,
                    0.538,
                    2.0,
                    7.0,
                    0.286,
                    7.0,
                    8.0,
                    0.875,
                    10.0,
                    4.0,
                    14.0,
                    3.0,
                    3.0,
                    0.0,
                    4.0,
                    2.0,
                    37.0
                ],
                [
                    977,
                    "2011-12",
                    "00",
                    1610616834,
                    "WST",
                    33.0,
                    1,
                    1,
                    34.8,
                    9.0,
                    17.0,
                    0.529,
                    2.0,
                    5.0,
                    0.4,
                    7.0,
                    8.0,
                    0.875,
                    0.0,
                    1.0,
                    1.0,
                    1.0,
                    2.0,
                    0.0,
                    1.0,
                    2.0,
                    27.0
                ],
                [
                    977,
                    "2012-13",
                    "00",
                    1610616834,
                    "WST",
                    34.0,
                    1,
                    1,
                    27.6,
                    4.0,
                    9.0,
                    0.444,
                    0.0,
                    3.0,
                    0.0,
                    1.0,
                    2.0,
                    0.5,
                    2.0,
                    2.0,
                    4.0,
                    8.0,
                    2.0,
                    2.0,
                    1.0,
                    2.0,
                    9.0
                ],
                [
                    977,
                    "2015-16",
                    "00",
                    1610616834,
                    "WST",
                    37.0,
                    1,
                    1,
                    25.8,
                    4.0,
                    11.0,
                    0.364,
                    1.0,
                    5.0,
                    0.2,
                    1.0,
                    2.0,
                    0.5,
                    1.0,
                    5.0,
                    6.0,
                    7.0,
                    1.0,
                    0.0,
                    1.0,
                    1.0,
                    10.0
                ]
            ]
        },
        {
            "name": "CareerTotalsAllStarSeason",
            "headers": [
                "PLAYER_ID",
                "LEAGUE_ID",
                "Team_ID",
                "GP",
                "GS",
                "MIN",
                "FGM",
                "FGA",
                "FG_PCT",
                "FG3M",
                "FG3A",
                "FG3_PCT",
                "FTM",
                "FTA",
                "FT_PCT",
                "OREB",
                "DREB",
                "REB",
                "AST",
                "STL",
                "BLK",
                "TOV",
                "PF",
                "PTS"
            ],
            "rowSet": [
                [
                    977,
                    "00",
                    0,
                    15,
                    15,
                    27.6,
                    7.9,
                    15.9,
                    0.5,
                    1.5,
                    4.5,
                    0.324,
                    2.0,
                    2.5,
                    0.789,
                    1.9,
                    3.1,
                    5.0,
                    4.7,
                    2.5,
                    0.4,
                    2.3,
                    2.3,
                    19.3
                ]
            ]
        },
        {
            "name": "SeasonTotalsCollegeSeason",
            "headers": [
                "PLAYER_ID",
                "SEASON_ID",
                "LEAGUE_ID",
                "ORGANIZATION_ID",
                "SCHOOL_NAME",
                "PLAYER_AGE",
                "GP",
                "GS",
                "MIN",
                "FGM",
                "FGA",
                "FG_PCT",
                "FG3M",
                "FG3A",
                "FG3_PCT",
                "FTM",
                "FTA",
                "FT_PCT",
                "OREB",
                "DREB",
                "REB",
                "AST",
                "STL",
                "BLK",
                "TOV",
                "PF",
                "PTS"
            ],
            "rowSet": []
        },
        {
            "name": "CareerTotalsCollegeSeason",
            "headers": [
                "PLAYER_ID",
                "LEAGUE_ID",
                "ORGANIZATION_ID",
                "GP",
                "GS",
                "MIN",
                "FGM",
                "FGA",
                "FG_PCT",
                "FG3M",
                "FG3A",
                "FG3_PCT",
                "FTM",
                "FTA",
                "FT_PCT",
                "OREB",
                "DREB",
                "REB",
                "AST",
                "STL",
                "BLK",
                "TOV",
                "PF",
                "PTS"
            ],
            "rowSet": []
        },
        {
            "name": "SeasonTotalsShowcaseSeason",
            "headers": [
                "PLAYER_ID",
                "SEASON_ID",
                "LEAGUE_ID",
                "TEAM_ID",
                "TEAM_ABBREVIATION",
                "PLAYER_AGE",
                "GP",
                "GS",
                "MIN",
                "FGM",
                "FGA",
                "FG_PCT",
                "FG3M",
                "FG3A",
                "FG3_PCT",
                "FTM",
                "FTA",
                "FT_PCT",
                "OREB",
                "DREB",
                "REB",
                "AST",
                "STL",
                "BLK",
                "TOV",
                "PF",
                "PTS"
            ],
            "rowSet": []
        },
        {
            "name": "CareerTotalsShowcaseSeason",
            "headers": [
                "PLAYER_ID",
                "LEAGUE_ID",
                "Team_ID",
                "GP",
                "GS",
                "MIN",
                "FGM",
                "FGA",
                "FG_PCT",
                "FG3M",
                "FG3A",
                "FG3_PCT",
                "FTM",
                "FTA",
                "FT_PCT",
                "OREB",
                "DREB",
                "REB",
                "AST",
                "STL",
                "BLK",
                "TOV",
                "PF",
                "PTS"
            ],
            "rowSet": []
        },
        {
            "name": "SeasonRankingsRegularSeason",
            "headers": [
                "PLAYER_ID",
                "SEASON_ID",
                "LEAGUE_ID",
                "TEAM_ID",
                "TEAM_ABBREVIATION",
                "PLAYER_AGE",
                "GP",
                "GS",
                "RANK_PG_MIN",
                "RANK_PG_FGM",
                "RANK_PG_FGA",
                "RANK_FG_PCT",
                "RANK_PG_FG3M",
                "RANK_PG_FG3A",
                "RANK_FG3_PCT",
                "RANK_PG_FTM",
                "RANK_PG_FTA",
                "RANK_FT_PCT",
                "RANK_PG_OREB",
                "RANK_PG_DREB",
                "RANK_PG_REB",
                "RANK_PG_AST",
                "RANK_PG_STL",
                "RANK_PG_BLK",
                "RANK_PG_TOV",
                "RANK_PG_PTS",
                "RANK_PG_EFF"
            ],
            "rowSet": [
                [
                    977,
                    "1996-97",
                    "00",
                    1610612747,
                    "LAL",
                    "NR",
                    "NR",
                    "NR",
                    167,
                    128,
                    121, null,
                    74,
                    81, null,
                    92,
                    106,
                    31,
                    134,
                    164,
                    155,
                    122,
                    114,
                    98,
                    96,
                    118,
                    167
                ],
                [
                    977,
                    "1997-98",
                    "00",
                    1610612747,
                    "LAL",
                    "NR",
                    "NR",
                    "NR",
                    125,
                    63,
                    53,
                    87,
                    44,
                    43,
                    57,
                    16,
                    17,
                    52,
                    107,
                    131,
                    126,
                    79,
                    86,
                    70,
                    62,
                    42,
                    98
                ],
                [
                    977,
                    "1998-99",
                    "00",
                    1610612747,
                    "LAL",
                    "NR",
                    "NR",
                    "NR",
                    15,
                    15,
                    17,
                    37,
                    78,
                    64, null,
                    11,
                    13,
                    20,
                    108,
                    47,
                    65,
                    38,
                    30,
                    35,
                    11,
                    15,
                    24
                ],
                [
                    977,
                    "1999-00",
                    "00",
                    1610612747,
                    "LAL",
                    "NR",
                    "NR",
                    "NR",
                    16,
                    12,
                    12,
                    39,
                    76,
                    69, null,
                    13,
                    16,
                    33, null, null, null, null, null, null, null,
                    12,
                    12
                ],
                [
                    977,
                    "2000-01",
                    "00",
                    1610612747,
                    "LAL",
                    "NR",
                    "NR",
                    "NR",
                    7,
                    4,
                    5,
                    37,
                    55,
                    50,
                    81,
                    3,
                    6,
                    18, null, null, null, null, null, null,
                    7,
                    4,
                    5
                ],
                [
                    977,
                    "2001-02",
                    "00",
                    1610612747,
                    "LAL",
                    "NR",
                    "NR",
                    "NR",
                    21,
                    4,
                    5,
                    34,
                    88,
                    82, null,
                    6,
                    7,
                    35,
                    80,
                    52,
                    58,
                    21,
                    27,
                    86,
                    17,
                    6,
                    10
                ],
                [
                    977,
                    "2002-03",
                    "00",
                    1610612747,
                    "LAL",
                    "NR",
                    "NR",
                    "NR",
                    4,
                    2,
                    3,
                    53,
                    23,
                    27,
                    27,
                    3,
                    5,
                    25,
                    86,
                    26,
                    35,
                    14,
                    6,
                    42,
                    6,
                    2,
                    5
                ],
                [
                    977,
                    "2003-04",
                    "00",
                    1610612747,
                    "LAL",
                    "NR",
                    "NR",
                    "NR",
                    24,
                    9,
                    7,
                    63,
                    44,
                    38,
                    74,
                    2,
                    4,
                    20, null, null, null, null, null, null, null,
                    4,
                    9
                ],
                [
                    977,
                    "2004-05",
                    "00",
                    1610612747,
                    "LAL",
                    "NR",
                    "NR",
                    "NR",
                    5,
                    7,
                    4,
                    81,
                    12,
                    9,
                    79,
                    3,
                    3,
                    50, null, null, null, null, null, null,
                    3,
                    2,
                    9
                ],
                [
                    977,
                    "2005-06",
                    "00",
                    1610612747,
                    "LAL",
                    "NR",
                    "NR",
                    "NR",
                    5,
                    1,
                    1,
                    69,
                    8,
                    3,
                    79,
                    2,
                    5,
                    15,
                    103,
                    47,
                    59,
                    32,
                    9,
                    88,
                    8,
                    1,
                    5
                ],
                [
                    977,
                    "2006-07",
                    "00",
                    1610612747,
                    "LAL",
                    "NR",
                    "NR",
                    "NR",
                    4,
                    2,
                    1,
                    55,
                    19,
                    13,
                    86,
                    1,
                    1,
                    12,
                    91,
                    33,
                    47,
                    22,
                    17,
                    70,
                    8,
                    1,
                    2
                ],
                [
                    977,
                    "2007-08",
                    "00",
                    1610612747,
                    "LAL",
                    "NR",
                    "NR",
                    "NR",
                    11,
                    3,
                    2,
                    69,
                    24,
                    17,
                    72,
                    4,
                    6,
                    30,
                    96,
                    37,
                    43,
                    19,
                    9,
                    73,
                    8,
                    2,
                    5
                ],
                [
                    977,
                    "2008-09",
                    "00",
                    1610612747,
                    "LAL",
                    "NR",
                    "NR",
                    "NR",
                    38,
                    2,
                    2,
                    58,
                    44,
                    31,
                    102,
                    9,
                    9,
                    27,
                    86,
                    56,
                    60,
                    29,
                    12,
                    74,
                    23,
                    3,
                    9
                ],
                [
                    977,
                    "2009-10",
                    "00",
                    1610612747,
                    "LAL",
                    "NR",
                    "NR",
                    "NR",
                    7,
                    4,
                    3,
                    77,
                    42,
                    29,
                    114,
                    9,
                    9,
                    54,
                    83,
                    53,
                    62,
                    25,
                    13,
                    121,
                    10,
                    4,
                    14
                ],
                [
                    977,
                    "2010-11",
                    "00",
                    1610612747,
                    "LAL",
                    "NR",
                    "NR",
                    "NR",
                    55,
                    6,
                    2,
                    67,
                    37,
                    27,
                    122,
                    9,
                    10,
                    43,
                    84,
                    55,
                    66,
                    31,
                    28,
                    151,
                    15,
                    5,
                    19
                ],
                [
                    977,
                    "2011-12",
                    "00",
                    1610612747,
                    "LAL",
                    "NR",
                    "NR",
                    "NR",
                    4,
                    2,
                    1,
                    79,
                    31,
                    11,
                    119,
                    2,
                    3,
                    28,
                    87,
                    50,
                    59,
                    25,
                    31,
                    113,
                    7,
                    2,
                    14
                ],
                [
                    977,
                    "2012-13",
                    "00",
                    1610612747,
                    "LAL",
                    "NR",
                    "NR",
                    "NR",
                    2,
                    3,
                    2,
                    57,
                    36,
                    18,
                    116,
                    3,
                    4,
                    30,
                    96,
                    38,
                    57,
                    22,
                    29,
                    113,
                    3,
                    3,
                    3
                ],
                [
                    977,
                    "2013-14",
                    "00",
                    1610612747,
                    "LAL",
                    "NR",
                    "NR",
                    "NR", null, null, null, null, null, null, null, null, null, null, null, null, null, null, null, null, null, null, null
                ],
                [
                    977,
                    "2014-15",
                    "00",
                    1610612747,
                    "LAL",
                    "NR",
                    "NR",
                    "NR", null, null, null, null, null, null, null, null, null,
                    51, null, null, null, null, null, null, null, null, null
                ],
                [
                    977,
                    "2015-16",
                    "00",
                    1610612747,
                    "LAL",
                    "NR",
                    "NR",
                    "NR",
                    97,
                    43,
                    43,
                    117,
                    22,
                    22,
                    103,
                    28,
                    28,
                    49,
                    166,
                    127,
                    144,
                    68,
                    78,
                    204,
                    53,
                    31,
                    121
                ]
            ]
        },
        {
            "name": "SeasonRankingsPostSeason",
            "headers": [
                "PLAYER_ID",
                "SEASON_ID",
                "LEAGUE_ID",
                "TEAM_ID",
                "TEAM_ABBREVIATION",
                "PLAYER_AGE",
                "GP",
                "GS",
                "RANK_PG_MIN",
                "RANK_PG_FGM",
                "RANK_PG_FGA",
                "RANK_FG_PCT",
                "RANK_PG_FG3M",
                "RANK_PG_FG3A",
                "RANK_FG3_PCT",
                "RANK_PG_FTM",
                "RANK_PG_FTA",
                "RANK_FT_PCT",
                "RANK_PG_OREB",
                "RANK_PG_DREB",
                "RANK_PG_REB",
                "RANK_PG_AST",
                "RANK_PG_STL",
                "RANK_PG_BLK",
                "RANK_PG_TOV",
                "RANK_PG_PTS",
                "RANK_PG_EFF"
            ],
            "rowSet": [
                [
                    977,
                    "1996-97",
                    "00",
                    1610612747,
                    "LAL",
                    "NR",
                    "NR",
                    "NR",
                    114,
                    88,
                    86, null,
                    53,
                    51, null,
                    39,
                    47,
                    20,
                    127,
                    114,
                    117,
                    83,
                    103,
                    81,
                    57,
                    77,
                    106
                ],
                [
                    977,
                    "1997-98",
                    "00",
                    1610612747,
                    "LAL",
                    "NR",
                    "NR",
                    "NR", null, null, null, null, null, null, null, null, null,
                    53, null, null, null, null, null, null, null, null, null
                ],
                [
                    977,
                    "1998-99",
                    "00",
                    1610612747,
                    "LAL",
                    "NR",
                    "NR",
                    "NR",
                    17,
                    10,
                    7,
                    32,
                    26,
                    29,
                    26,
                    23,
                    26,
                    37,
                    43,
                    21,
                    28,
                    17,
                    11,
                    15,
                    3,
                    13,
                    15
                ],
                [
                    977,
                    "1999-00",
                    "00",
                    1610612747,
                    "LAL",
                    "NR",
                    "NR",
                    "NR",
                    18,
                    9,
                    10,
                    28,
                    28,
                    31,
                    30,
                    16,
                    15,
                    45,
                    60,
                    60,
                    56,
                    18,
                    18,
                    12,
                    17,
                    11,
                    14
                ],
                [
                    977,
                    "2000-01",
                    "00",
                    1610612747,
                    "LAL",
                    "NR",
                    "NR",
                    "NR",
                    7,
                    4,
                    7,
                    22,
                    44,
                    52,
                    38,
                    3,
                    5,
                    25,
                    33,
                    21,
                    24,
                    10,
                    15,
                    35,
                    10,
                    5,
                    5
                ],
                [
                    977,
                    "2001-02",
                    "00",
                    1610612747,
                    "LAL",
                    "NR",
                    "NR",
                    "NR",
                    7,
                    4,
                    4,
                    31,
                    31,
                    35,
                    26,
                    9,
                    9,
                    48,
                    52,
                    41,
                    42,
                    20,
                    23,
                    29,
                    16,
                    6,
                    14
                ],
                [
                    977,
                    "2002-03",
                    "00",
                    1610612747,
                    "LAL",
                    "NR",
                    "NR",
                    "NR",
                    6,
                    2,
                    2,
                    35,
                    11,
                    9,
                    21,
                    5,
                    7,
                    28,
                    48,
                    40,
                    43,
                    14,
                    27,
                    105,
                    8,
                    1,
                    9
                ],
                [
                    977,
                    "2003-04",
                    "00",
                    1610612747,
                    "LAL",
                    "NR",
                    "NR",
                    "NR",
                    2,
                    3,
                    1,
                    38,
                    31,
                    13,
                    48,
                    4,
                    7,
                    28,
                    82,
                    41,
                    54,
                    12,
                    9,
                    68,
                    20,
                    2,
                    11
                ],
                [
                    977,
                    "2005-06",
                    "00",
                    1610612747,
                    "LAL",
                    "NR",
                    "NR",
                    "NR",
                    3,
                    4,
                    4,
                    18,
                    5,
                    9,
                    22,
                    15,
                    14,
                    43,
                    92,
                    18,
                    32,
                    15,
                    18,
                    46,
                    2,
                    5,
                    11
                ],
                [
                    977,
                    "2006-07",
                    "00",
                    1610612747,
                    "LAL",
                    "NR",
                    "NR",
                    "NR",
                    6,
                    2,
                    1,
                    31,
                    11,
                    9,
                    33,
                    5,
                    12,
                    5,
                    123,
                    26,
                    47,
                    18,
                    36,
                    58,
                    3,
                    1,
                    9
                ],
                [
                    977,
                    "2007-08",
                    "00",
                    1610612747,
                    "LAL",
                    "NR",
                    "NR",
                    "NR",
                    8,
                    1,
                    2,
                    20,
                    19,
                    9,
                    43,
                    3,
                    4,
                    37,
                    74,
                    29,
                    40,
                    11,
                    8,
                    58,
                    5,
                    1,
                    4
                ],
                [
                    977,
                    "2008-09",
                    "00",
                    1610612747,
                    "LAL",
                    "NR",
                    "NR",
                    "NR",
                    11,
                    3,
                    1,
                    32,
                    22,
                    19,
                    40,
                    3,
                    5,
                    14,
                    65,
                    31,
                    40,
                    11,
                    9,
                    22,
                    16,
                    2,
                    4
                ],
                [
                    977,
                    "2009-10",
                    "00",
                    1610612747,
                    "LAL",
                    "NR",
                    "NR",
                    "NR",
                    11,
                    4,
                    3,
                    31,
                    6,
                    8,
                    31,
                    5,
                    9,
                    25,
                    59,
                    28,
                    31,
                    12,
                    16,
                    37,
                    8,
                    3,
                    6
                ],
                [
                    977,
                    "2010-11",
                    "00",
                    1610612747,
                    "LAL",
                    "NR",
                    "NR",
                    "NR",
                    34,
                    8,
                    7,
                    32,
                    31,
                    20,
                    51,
                    16,
                    15,
                    28,
                    71,
                    70,
                    74,
                    26,
                    10,
                    75,
                    10,
                    9,
                    31
                ],
                [
                    977,
                    "2011-12",
                    "00",
                    1610612747,
                    "LAL",
                    "NR",
                    "NR",
                    "NR",
                    7,
                    1,
                    1,
                    26,
                    22,
                    9,
                    47,
                    4,
                    4,
                    21,
                    48,
                    54,
                    56,
                    14,
                    16,
                    97,
                    14,
                    2,
                    6
                ]
            ]
        }
    ]
}